social10,self_esteem,locus,ses,gpa,parent_ed
61.71,-0.1,-0.14,-0.563,3.8,2
46.98,-0.45,-0.58,0.123,2.5,3
50.48,0.33,-0.59,0.229,2.8,3
56.48,-0.02,0.07,0.687,3.5,6
55.32,-0.09,-0.85,0.633,3.3,5
39.67,-0.28,0.07,0.992,2.5,5
41.97,-0.23,0.07,-0.282,2.3,2
62.92,0.97,0.76,0.367,2.8,5
43.35,-0.22,0.27,0.321,2.5,4
49.45,-0.22,-0.15,1.224,3,7
57.55,0.69,0.67,0.964,4,7
66.46,1.14,0.54,1.27,2.8,5
60.13,-0.28,0.05,-0.291,2.8,2
32.83,-0.23,-1.07,-0.867,3,3
65.6,-0.12,0.51,-0.241,4,3
52.16,0.79,0.77,0.373,3.5,3
45.61,0.97,0.95,-0.011,2.3,3
36.4,0.17,0.28,-0.428,1.6,3
28.94,-0.64,-0.36,-0.196,2.1,2
51.44,-0.29,0.07,-0.163,4,2
40.35,0.94,0.37,-0.168,2.8,2
28.94,-0.85,-0.83,-0.142,2.5,3
46.37,-0.09,-0.39,0.122,1.8,2
28.94,-0.03,-1.21,-1.665,1.8,2
56.07,0.97,0.49,1.799,3,7
57.98,0.12,0.07,-1.101,4,2
45.31,-0.31,-0.36,-1.065,3.5,2
54.15,-0.28,-1.49,-0.728,1.9,1
55.09,0.19,1.43,1.304,3.5,6
49.94,-0.28,0.97,-0.219,3.3,2
44.63,-0.29,0.07,-0.687,1.5,2
58.94,0.13,-0.14,-0.911,3,1
35.09,-1.11,-0.65,-0.394,2.3,2
39.83,-1.13,-0.81,0.15,1,3
59.42,-0.52,-0.4,-0.381,2.8,5
34.34,-0.25,0.51,0.126,2.8,2
48.96,0.13,0.07,0.424,1.8,2
60.05,1.33,1.43,-0.242,3,2
38.87,0.54,0.56,-1.582,2.3,1
56.48,0.5,0.28,-0.565,3,3
62.93,-0.06,0.07,-0.627,4,2
55.5,-0.45,-0.65,0.533,3.8,3
61.66,0.96,0.07,1.312,2.8,7
35.24,-1.07,-0.16,-0.4,2.8,3
51.95,-0.27,-0.19,-0.387,2.8,2
59,-0.03,0.54,-0.74,3,2
48.55,1.1,1.2,0.458,3,3
46.29,-0.45,0.06,-1.086,3,3
55.48,-0.28,0.07,0.58,3.3,5
63.1,0.92,0.95,1.085,3.5,7
48.32,0.07,0.52,-0.624,2.5,3
34.09,-0.71,-0.54,0.401,2,2
47.35,-0.09,0.38,0.084,3.5,7
50.12,-0.46,-0.37,-0.917,3,4
43.71,-2.07,-0.76,-0.633,1.8,2
38.71,1.33,0.94,-1.004,2.3,4
39.08,-1.64,-1.12,-1.454,2.3,2
53.31,-0.28,0.07,0.148,3.5,3
58.94,1.33,0.72,-0.207,2.3,2
36.53,0.57,-1.01,-0.061,3,4
58.85,-0.45,0.07,0.563,3.3,5
45.67,-0.87,-1.3,-0.869,2,2
45.04,0.36,0.04,-0.671,3.5,2
58.71,-0.71,-0.37,-0.812,2.5,2
55.53,-0.26,-1.1,0.137,1.8,4
49.08,0.14,-0.14,-0.962,3.5,2
62.02,0.71,0.74,1.008,4,7
28.94,0.13,0.07,1.004,2.8,6
40.05,-0.29,-1.26,-0.488,2.5,2
58.56,0.13,0.52,-0.286,2.5,4
48.46,-0.64,-0.14,0.979,3,6
55.65,-0.75,-0.16,1.012,3.3,5
68.39,-1.47,-1.29,1.002,3.8,6
62.98,0.12,0.28,1.006,4,7
30.59,0.77,0.78,-0.546,1.5,3
32.41,-0.05,0.07,-0.135,1.8,5
30.55,0.06,-0.9,-0.309,3,7
59.57,0.96,-0.11,0.108,3.8,5
34.42,-0.49,-0.61,-0.291,2.5,2
47.49,0.69,-0.61,-0.803,2.8,2
43.91,0.79,-0.37,-0.174,4,2
41.57,-0.45,-0.16,-0.261,2.3,3
53.87,-0.45,0.3,0.685,3.8,5
61.42,-0.68,-0.4,1.009,3.3,7
37.81,-1.06,-0.35,-0.289,2.5,2
64.51,-0.11,-0.37,0.07,3.3,4
31.08,-0.45,-0.84,-1.058,2,2
60.44,0.96,-0.35,0.513,2.8,5
47.22,-0.45,0.09,-1.191,2.5,2
48.61,0.54,0.74,0.365,3.5,2
49.87,-1.51,-1.3,-0.164,3.3,3
45.31,-0.09,0.28,0.894,3.5,7
48.31,0.34,0.52,1.002,3.3,5
58.26,-0.22,-0.35,1.301,4,5
47.95,0.2,1.2,-0.263,3.5,2
40.83,-0.28,-0.14,-0.263,3,2
49.37,-0.27,0.27,-0.812,2.5,2
50.39,0.43,-0.34,-0.284,3,2
53.43,0.07,-0.16,-1.417,1.9,2
54.91,0.36,-0.16,-0.801,3,2
36.14,0.73,1.43,0.117,2.5,4
50.54,0.77,-0.14,1.011,3,7
43.44,-0.45,-0.63,-0.381,2.8,3
55.84,-0.64,-0.39,-0.142,2.5,5
62.49,-0.1,0.07,-0.126,2.8,4
58.79,0.28,0.07,1.055,3.3,5
57.59,-0.29,-0.14,1.541,2,7
44.4,1.14,0.95,-0.985,2.5,2
51.84,0.97,0.52,-0.958,1.8,2
37.37,0.31,0.3,-0.797,2.3,5
41.5,0.19,1.43,0.048,3,2
66.16,-0.28,-0.14,0.387,3.3,5
62.25,-0.07,0.07,0.051,3,2
60.16,0.66,0.3,0.331,3.3,5
56.24,-1.84,-0.62,0.263,3,7
45.23,-0.1,0.25,-0.313,3,2
61.44,-0.28,0.07,-0.632,4,2
54.2,-0.49,-0.87,-0.047,3.3,6
63.46,-1.53,-0.63,-0.682,3.8,3
50.14,-1.07,-1.08,-1.013,1,2
38.49,-0.64,-1.06,-0.562,3,2
48.45,-0.45,0.07,0.306,2.3,2
62.93,-1.3,-0.85,-0.064,3,2
56.36,-0.45,-0.14,0.646,2.8,5
39.55,-0.64,-0.62,-1.042,2,1
62.86,1.33,0.73,0.358,4,6
67.06,0.57,0.74,1.136,3.3,6
38.81,-1.89,-1.11,-0.282,1.8,2
42.09,-0.28,0.07,1.304,2.5,6
53.72,-0.45,0.07,0.323,2.3,5
49.95,-0.1,0.07,0.107,2.8,5
51.71,-0.27,0.74,0.276,3.3,2
49.96,-0.45,-0.42,-0.502,2,4
54.19,0.32,-0.14,-0.451,3.3,2
54.2,-0.27,-0.39,-0.668,2.5,2
49.63,0.67,0.95,-0.142,4,1
36.21,-0.27,-0.14,-0.265,3.3,2
64.06,-0.28,-0.14,-0.22,3.5,2
69.16,1.33,0.53,-0.505,3,4
46.96,-0.28,0.07,0.708,3.8,5
62.42,-0.28,0.07,-0.26,3.3,3
58.03,1.33,1.02,0.137,3.3,1
58.72,-0.39,-0.14,0.812,4,5
58.53,0.44,0.3,-0.637,2.8,2
40.63,-0.45,0.97,0.533,3.3,4
54.19,0.13,0.07,0.29,3.8,5
54.36,0.07,0.3,-0.503,4,5
41.8,0.35,0.98,-0.219,2.5,2
49.22,0.15,0.28,-0.593,3,2
51.94,-0.1,-0.37,-0.393,2.3,2
60.86,-0.45,-0.19,-0.214,3.5,2
50.22,-0.64,-1.04,-0.283,1,3
43.31,0.52,-0.14,-0.925,3.5,2
47.55,-0.45,0.07,0.685,3.3,6
55.79,-0.45,-0.19,0.03,3,2
65.22,-0.1,0.07,-0.407,3.8,2
59.31,-0.68,-0.85,-0.204,3.3,2
63.42,-0.23,-0.19,1.799,3.8,7
52.04,-0.45,-0.14,-0.518,3,2
38.12,-0.5,-0.86,-1.053,4,1
35.32,-0.29,-1.89,0.231,3.5,5
35.49,-0.27,0.07,-0.759,2.3,2
34.13,-0.27,0.32,0.415,2.5,6
67.47,-0.1,0.07,0.685,3.5,6
63.71,0,0.3,0.608,4,5
43.15,-0.68,-0.17,-1.329,3,1
45.52,0.96,0.99,-0.372,3.3,2
35.96,-0.29,-1.89,-0.543,2.4,1
45.53,-0.45,-0.16,0.238,3.8,5
48.05,-0.66,0.07,-0.139,3.3,2
50.81,-0.1,-0.14,-0.066,2,4
65.29,-0.1,0.07,-1.482,3.3,2
50.77,-0.61,-0.14,-0.57,2.5,2
40.78,-0.66,-0.62,-0.862,2.5,1
57.09,1.33,0.95,1.326,4,6
37.89,-0.71,-1.02,-0.749,2.3,2
47.02,-0.1,0.07,-0.228,3,2
39.62,-0.25,0.07,-0.477,3,3
55.68,0.67,0.74,-1.178,3,1
60.26,-0.29,-0.18,-0.632,3,2
46.39,0.55,-0.4,-0.956,3.5,3
50.16,0.08,-1.08,1.251,2.8,6
38.88,0.65,-2.16,-0.291,2.5,3
44.42,-0.1,-0.39,0.233,2.1,2
34.79,-0.23,0.24,-1.067,2.3,2
32.98,-0.76,-0.42,-0.415,1.8,3
62.36,-0.33,-0.79,-0.956,3.5,1
57.88,-1.11,0.58,-0.733,2.8,2
45.58,-0.45,-0.14,-0.627,3.3,1
38.23,-0.9,0.08,-0.185,3.3,4
61.17,-0.29,0.07,-0.722,4,2
56.55,0.16,0.07,1.68,2.8,6
39.39,0.13,-0.14,0.905,3,5
61.11,-0.1,0.07,-0.236,3.5,5
45.9,0.96,0.49,-1.131,4,2
60.35,0.74,0.51,0.235,3.5,2
49.64,0.71,0.32,-0.142,2.5,2
53.43,1.33,1.43,1.304,3,6
61.35,-0.84,-1.3,0.812,3.5,5
41.25,0.21,0.08,-0.183,2.8,7
34.3,-0.52,-0.83,-1.343,2.3,1
64.17,1.33,0.97,0.788,4,6
47.54,-0.91,-1.31,-0.008,2.8,2
65.32,0.79,-1.71,0.438,3.3,2
44.94,0.17,-0.63,-0.661,2.5,2
62.71,-0.39,0.28,0.03,4,4
40.75,0.77,0.36,-1.541,2.8,1
54.38,1.33,-0.59,-0.106,3.3,5
45.73,-0.45,-0.61,-0.287,3.3,5
46.87,-0.07,0.54,-0.506,2.5,2
51.27,-0.29,-0.63,-0.388,3,2
51.88,1.33,0.78,0.438,2,5
62.88,0.09,1.18,-0.678,2.8,2
61.05,-1.85,-0.9,-0.499,3,5
59.52,-0.71,0.07,0.211,4,3
51.61,-0.23,-0.18,-0.5,2.8,7
34.54,0.67,-0.13,-0.461,2.8,2
50.23,-0.23,0.07,0.122,3.8,4
48.7,0.15,0.29,1.099,3.3,7
55.09,-0.47,0.01,0.161,2.5,5
60.03,-0.29,-0.31,0.408,4,5
52.28,0.62,1.2,-0.683,2.3,5
50.33,1.14,0.28,-0.451,4,2
46.2,-0.45,0.07,-0.197,3.8,2
42.68,0.5,0.31,-0.707,2.5,2
32.29,0.96,1.43,-0.392,2.5,1
49.48,-0.2,0.76,-0.315,3.3,2
65.81,0.65,0.29,0.881,3.5,5
50.15,0.27,0.07,0.98,4,5
32.18,0.22,0.97,-1.034,2.5,2
51.02,0.13,-0.14,-0.547,3.8,2
50.88,1.33,0.97,-1.22,2.5,1
40.09,-0.31,-0.14,-1.106,3.3,1
47.22,1.33,1.43,0.621,2.5,3
32.51,0.4,1.23,-1.171,2.5,2
43.15,-0.23,-0.35,-0.535,3.8,2
46.28,0.52,0.53,-1.417,3.3,2
47.81,0.18,-0.11,-0.142,3.5,3
53.98,0.86,1.22,-0.707,3.8,5
42.13,0.9,0.3,-0.534,2,1
35.75,0.53,0.09,0.225,3.3,5
55.72,-0.05,-0.38,-0.119,2.8,3
51.75,0.09,0.26,1.152,1.6,6
49.03,1.14,0.53,0.651,3.5,4
41.71,1.14,0.74,-1.513,2,1
34.75,-0.73,-0.81,-1.475,1.6,1
46.73,0.31,-0.35,-1.533,3.3,1
55.07,0.5,0.29,-0.271,2.5,4
49.8,0.75,0.97,0.562,4,4
44.38,0.08,-0.13,-0.485,2.3,5
49.16,-0.57,0.05,0.011,3,5
42.16,1.33,0.34,-1.206,2.8,2
58.57,-0.45,-0.64,0.471,3.8,6
43.22,1.1,1.43,-0.003,4,2
40.82,-0.68,-0.12,-2.414,2.5,1
43.9,0.42,-0.47,-0.295,3,2
40.58,0.39,-0.16,-0.119,3.3,3
58.15,-0.64,-1.04,0.095,3.8,2
53.89,-0.28,0.07,0.72,2.8,5
67.06,-1.12,-0.63,-0.734,4,2
49.59,-0.1,0.07,0.419,3.3,2
52.27,0.53,0.31,-0.144,3,2
45.07,-0.91,-0.14,-0.124,3,3
38.94,0.16,0.72,0.11,3.8,3
50.05,0.43,0.07,0.956,4,6
64.57,-0.1,-0.11,0.299,4,2
33.32,-0.1,-0.37,0.233,1.6,2
53.28,0.17,-0.61,-0.835,2.1,4
53.8,0.8,0.53,-0.903,3,1
59.83,0.91,0.53,1.002,3.3,7
60.01,0.97,0.54,0.25,4,5
64.23,-0.26,-0.37,-0.171,3,5
39.08,-0.56,-0.37,-1.118,1.1,2
56.07,0.8,0.75,1.304,3.8,7
38.54,0.79,1.43,-1.464,4,1
42.69,0.79,0.31,-0.952,3,2
47.44,-0.28,0.07,-0.168,3.5,5
64.05,-0.1,0.07,0.811,3.5,6
43.16,0.48,0.1,-1.417,3,5
43.32,0.55,-1.51,-0.826,2.4,2
56.4,1.33,1.2,-0.004,4,4
44.82,-0.51,-0.34,0.104,3,5
46.67,-0.47,-0.49,0.121,2.8,7
51.49,-0.1,0.07,-0.341,2.8,3
50.9,-0.28,-0.64,-0.518,2.8,2
58.33,-0.09,0.3,1.281,3.5,6
67.72,-0.68,-0.14,0.983,4,5
55.71,-0.06,1.43,1.067,3.3,7
64.68,-0.45,0.3,1.495,3.3,7
67.72,-0.07,0.53,0.65,4,5
66.09,-0.66,-0.14,-0.067,3.3,4
51.82,0.31,0.51,0.91,3.3,6
60.79,-0.1,-0.19,1.019,2.5,5
64.17,0.91,0.74,1.628,4,7
32.01,-0.9,-0.82,0.119,1.9,6
55.14,-0.91,0.28,0.095,2.5,5
56.01,-0.27,0.04,-0.214,1.8,2
40.75,0.34,0.77,-0.379,2.5,2
44.81,-0.45,0.1,0.568,2.3,5
62.2,0.97,0.07,0.678,4,5
64.36,1.14,0.99,0.927,4,5
58.33,-0.23,0.5,1.456,3.5,7
63.85,0.54,0.3,0.647,4,5
54.12,0.97,1.2,0.662,3.5,6
39.4,-0.1,0.07,-0.43,2.8,4
41.21,0.52,0.48,0.769,3,6
52.5,0.11,-0.24,-0.104,2.8,5
64.54,0.96,-0.16,1.306,3.8,7
53.21,1.16,0.74,0.958,3.3,6
44.71,-0.28,0.25,0.128,2.5,2
47.05,1.33,1.23,0.996,3.8,7
56.89,0.13,-0.38,0.484,3.7,3
45.94,-1.22,0.28,0.784,2,6
41.89,-0.02,-0.6,-0.641,3,5
57.29,-0.66,0.07,0.215,2.8,3
62.98,0.09,0.53,0.091,3.8,6
56.55,0.9,0.32,0.058,3.8,2
33.28,-0.45,-0.15,-0.728,1.9,5
59.7,0.44,0.71,0.772,4,6
60.72,0.96,-0.2,-1.321,1.9,2
42.92,-0.25,-0.35,0.324,3.3,6
49.72,1.12,0.31,0.388,3.5,3
63.53,0.33,0.07,1.176,3.5,7
34.16,-1.07,-1.54,-0.879,2.5,1
41.04,-0.64,-0.14,-0.668,2.5,4
40.8,0.36,-0.16,-0.41,1.5,3
42.52,0.03,0.41,-1.417,3.5,1
59.49,0.14,0.07,0.528,3.8,6
63.71,0.13,0.52,0.633,3.8,2
64.48,0.32,1.2,1.174,4,5
57.36,0.97,0.56,0.343,4,5
66.25,0.6,0.07,0.123,2,4
39.77,0.3,0.32,-0.665,2.3,2
48.4,1.14,0.95,-1.904,3,2
55.01,-0.08,0.07,0.709,4,6
50.76,0.3,-0.14,-0.624,4,4
61.7,-0.1,0.07,0.789,2.3,7
60.36,-0.69,0.28,0.502,4,5
32.48,0.97,0.35,-0.208,2,2
40.54,0.59,0.52,-0.032,1,2
55.54,-0.23,-0.14,-0.937,3.3,2
59.82,-0.1,0.07,1.605,4,6
56.51,-0.28,-0.37,1.085,3.5,5
56.89,-0.1,0.07,-0.499,3.5,5
57.91,0.07,0.3,0.678,3.8,4
40.73,1.33,0.09,-0.603,4,7
38.51,-0.64,-0.58,-1.575,1.3,1
40.6,-0.29,-0.14,-1.032,3.8,1
54.94,-0.68,-0.35,-0.203,3.5,3
59.8,0.74,0.74,-0.366,2,5
45.07,-0.87,-0.14,-0.502,4,3
69.16,-0.1,0.11,0.622,2.8,5
33.75,-0.84,-0.83,0.233,2.3,4
42.03,-0.23,0.07,0.192,3.5,4
60.05,-0.45,-0.14,0.687,3.5,5
68.03,0.71,0.51,0.204,3.8,4
58.54,0.6,0.51,1.724,3.8,7
60.69,1.14,0.1,0.483,3.8,4
46.73,-0.28,-0.14,-0.45,3.5,4
66.43,0.09,-0.6,0.341,4,2
34.92,-1.07,-0.19,0.108,2.8,2
65.28,0.67,1.18,0.902,3.8,6
29.15,-1.53,-1.3,-1.311,3,1
44.61,-0.1,0.07,0.238,3.5,3
63.6,-1.27,-0.83,-0.215,4,3
37.69,-0.45,-0.36,-1.475,3.5,1
59.6,-1.08,-0.15,-0.187,3.8,7
30.66,-0.32,-0.58,-0.335,3.5,1
60.53,1.33,0.58,0.101,1.8,6
43.12,-0.66,-0.6,-1.22,1.8,1
57.08,0.33,0.53,0.122,4,6
47.56,0.33,0.51,-0.938,2.8,2
53.84,-0.77,-0.63,0.429,3.5,2
59.65,1.33,1.43,1.628,4,7
48.32,0.38,0.56,-0.744,4,3
33.35,-0.01,-1.78,0.325,2.5,7
62.79,0.17,0.07,-0.444,4,4
51.03,-0.64,-0.81,-0.051,1.5,3
64.53,-0.1,0.07,0.905,2.5,5
37,-0.36,0.28,-0.707,1.5,3
64.74,-0.06,0.07,-0.078,3.5,4
45.99,-0.45,0.3,1.055,3.5,5
67.72,-0.08,0.72,0.224,3.3,5
50.56,-0.1,-0.16,0.189,2.8,5
63.32,1.16,1.2,1.002,3.5,5
61.39,-0.1,0.3,0.853,4,5
63.4,0.79,-0.14,1.108,4,7
36.65,-0.23,-0.61,0.572,2.8,6
59.36,0.21,-1.96,0.841,3,6
49.24,-0.04,0.95,-0.049,2.5,2
64.53,1.14,0.74,0.927,3.5,5
54.06,1.14,1.43,1.326,3.8,7
38.55,0.11,0.1,0.03,2.3,4
63.81,-0.1,0.07,0.808,3.8,4
57.59,-1.12,-0.19,-0.211,3.5,2
49.04,-0.23,0.07,-0.355,1.9,4
60.27,-0.1,-0.39,1.011,2.3,7
57.63,-0.23,-0.14,1.476,2.8,6
65.9,-0.31,-0.19,1.391,3.3,7
58.74,0.39,0.3,1.041,3,5
69.16,0,1.2,1.419,3.8,7
65.81,1.14,0.35,1.547,4,6
62.13,0.66,0.53,1.154,3.8,6
54.94,-1.11,-0.35,1.797,2.8,7
59.98,0.96,0.52,0.819,1.8,5
51.5,1.14,0.48,1.014,2.5,5
66.57,0.15,0.51,1.531,3.8,7
54.86,-0.05,0.07,0.808,3,5
54.34,0.94,0.51,0.719,3,5
65.57,1.15,1.38,1.647,4,7
42.93,-0.1,0.07,1.243,2.5,2
36.97,1.33,-0.39,-0.561,2.8,5
59.09,-0.06,0.08,1.176,2.8,6
67.72,-0.05,-0.37,1.131,4,7
65.03,-0.88,1.18,0.562,4,5
54.99,0.46,-0.14,1.874,2.8,7
43.12,-0.27,-0.64,1.27,2.5,5
62.46,-0.45,-0.37,1.227,4,7
61.39,0.16,0.74,0.905,3.8,6
68.39,1.33,0.76,0.6,4,6
54.29,-0.51,0.33,0.762,2.5,5
61.57,1.33,0.3,1.05,3.5,6
64.61,0.42,-0.55,1.11,3,6
55.3,0.43,0.32,1.378,3.3,6
65.67,-1.3,-0.35,1.326,3.5,6
67.13,0.09,0.74,0.634,3.5,7
58.04,1.14,0.32,1.099,3.8,6
63.54,-0.22,-0.11,1.022,4,6
50.72,1.33,1.43,0.483,3,2
69.16,1.33,1.22,1.531,3.3,6
64.12,1.33,0.36,0.47,4,7
40.74,-0.8,-0.96,0.85,2,5
65.34,-0.88,-0.12,1.557,3.5,7
67.53,0.97,0.53,0.569,3,5
62.28,-0.28,0.07,1.164,3.7,7
65.18,0.54,0.3,0.922,4,7
59.92,0.62,-0.16,0.927,4,6
64.74,1.33,1.01,1.401,3.5,6
59.09,0.93,0.27,1.035,3.8,5
50.83,-0.1,-0.41,0.885,2.8,5
45.34,0.48,0.77,0.225,3.5,5
53.55,0.5,1.18,-0.016,3,2
54.4,0.57,-0.15,-0.177,4,3
41.1,0.13,-0.42,0.151,2.5,2
66.43,0.58,0.07,-0.095,4,2
57.64,-0.64,-0.14,0.033,1.3,2
55.27,-0.1,-0.14,-0.082,2.8,3
40.01,-0.23,-0.18,-1.133,2,1
56.32,0.67,0.48,1.379,4,6
49.12,0.16,-0.64,-0.219,3.5,2
41.64,-0.63,-1.02,-0.802,2.3,2
38.04,-0.45,-0.64,-1.718,2.8,1
59.83,0.09,-0.39,-0.36,3.5,3
43.76,0.33,-0.59,-1.29,3,2
39.93,0,-0.79,-0.956,2.8,1
47.99,-0.46,-0.35,0.663,2.3,4
64.01,0,0.07,0.685,4,6
64.74,1.1,0.95,0.03,3.3,3
44.64,0.87,0.75,-0.518,2.1,2
30.16,-0.27,0.3,0.281,2.4,2
44.96,0.32,0.08,-0.559,2.3,2
44.54,0.32,0.07,0.019,4,3
50.86,0.36,-0.62,-0.665,2.8,3
54.15,1.14,0.51,-0.485,3.3,2
58.82,1.33,0.51,0.209,3.3,2
43.48,-2.28,-1.33,-0.691,2.8,6
45.54,-0.88,-0.58,-0.142,3.8,2
40.86,-0.46,-1.02,-0.784,3.5,1
45.48,-0.85,-0.41,0.224,3.5,2
48.33,0.18,-0.13,-0.656,3.8,4
58.26,0.31,0.3,-0.521,2.8,2
45.27,0.56,0.52,-0.553,3,3
29.23,-0.18,-0.35,-0.089,0.8,1
51.12,-0.46,0.28,-0.993,4,2
60.19,0.79,0.32,1.174,4,6
61.24,1.33,0.97,0.698,3.8,5
51.49,-0.14,0.5,-0.72,3.5,1
43.73,0.77,1.18,-0.492,2.8,3
33.49,0.32,0.07,-1.417,1.6,2
41.66,1.1,0.79,0.333,3,5
54.68,-0.1,-0.19,0.927,3.3,3
47.22,0.43,0.15,-1.329,3.3,1
30.41,-0.64,-0.38,-1.404,1.6,2
63.64,0.79,0.53,0.558,3.8,5
38.45,0.08,-0.86,-0.856,2.8,2
48,-0.85,-0.58,-0.114,3,3
42.26,0.49,0.33,0.108,1.3,5
52.24,0.12,-0.37,-0.018,1.6,3
60.03,0.69,0.97,0.313,3.5,5
47.64,-0.99,-0.35,-0.733,3.8,2
34.9,-0.11,-0.17,-0.34,2.5,2
49.8,0.73,0.33,0.39,2.3,5
39.73,0.26,0.12,-0.282,3,3
63.44,-0.1,0.27,0.009,3.5,3
48.59,1.33,0.73,0.335,3.8,4
40.58,-1.47,-1.52,-0.465,1.6,2
58.45,0.2,-0.36,-0.071,3.3,5
39.48,-0.23,0.07,-0.802,3.5,2
39.19,0.58,0.29,-0.549,3.5,3
52.4,0.51,-0.4,0.634,3.3,5
44.37,-0.45,0.07,-0.336,3.3,2
66.84,0.73,0.52,-0.431,2.8,2
33.91,-0.64,-1.04,-0.632,4,2
39.02,1.33,1.43,0.812,2.3,6
31.24,-0.68,-0.6,-1.106,2.5,4
32.11,0.14,0.51,-1.258,2.5,2
60.17,0.37,-0.58,-0.56,3,1
59.05,0.17,-0.65,0.141,4,4
50.37,0.97,0.07,-0.212,3.3,4
50.01,0.34,0.51,-1.282,1.3,1
44.36,0.6,-0.57,-0.41,2.8,1
51.8,0.97,0.36,0.171,3.3,5
57.09,0.35,0.3,0.808,4,5
54.27,0.77,0.04,-0.181,2.8,4
54.35,0.52,0.73,0.972,4,7
31.59,-1.3,0.08,-0.291,1.6,2
35.51,0,-0.37,-0.45,0.6,1
50.35,0.17,0.09,0.128,3,5
52.76,0.3,0.09,-0.132,2.1,2
45.06,0.7,0.74,-0.419,1.4,2
49.34,0.11,1,-0.315,3,2
51.97,-0.1,0.28,-0.869,2.3,3
38.2,-0.89,-0.62,-1.828,2,3
66.12,0.19,-0.64,0.685,3.8,3
36.23,0.76,0.58,0.248,3.3,2
41.88,-0.1,0.07,-0.792,3,2
46.49,-0.5,-0.38,-0.756,3.3,3
36.44,-0.56,0.1,-1.575,3,1
46.46,0.32,0.07,-0.812,2.5,4
51.63,-0.05,-0.63,-0.171,2.5,7
61.82,0,0.72,0.206,4,5
56.47,-0.1,0.07,0.775,3.5,7
67.53,0.79,-0.79,0.958,3,5
47.13,-0.14,0.02,0.401,3,5
57.58,-0.45,0.29,0.905,2.8,6
67.72,0.21,0.29,0.883,4,5
49.58,-0.45,0.3,0.229,3.3,5
51.31,-0.61,-0.41,-0.186,3,5
41.65,0.46,-0.62,-0.178,2,2
63.29,0.36,0.95,-0.586,4,6
66.89,0.59,0.03,0.005,3.3,3
53.03,-0.85,0.3,-0.48,1.6,4
47.23,-0.89,-1,-0.444,3.5,2
42.94,0.01,-0.67,-0.168,2.2,4
65.61,-0.1,0.29,1.127,3.8,6
50.27,1.1,0.29,-0.267,2.5,3
34.77,0.2,-0.36,-0.957,2,1
45.91,-0.28,-0.14,0.85,1.9,5
54.13,1.33,0.48,0.612,3.5,5
61.67,-0.45,0.07,0.568,4,5
34.46,-0.64,-0.8,-1.157,3,1
57.64,1.12,0.32,0.093,3.3,2
50.98,-0.45,-0.37,-0.64,3,2
40.68,0.62,-1.06,-0.925,3,1
59.89,1.33,0.28,1.302,3.3,6
60.16,-0.27,0.32,0.903,3.3,7
33.26,-0.03,-1.01,-1.578,2.3,1
28.94,-0.46,-0.1,-0.297,3.5,2
53.3,-0.81,-0.33,-0.084,3,3
47.42,-0.05,-0.14,0.18,2.3,5
59.95,0.6,0.3,-0.007,4,5
50.59,0.94,0.79,0.63,3.5,4
41.82,-0.68,-0.15,0.281,0.9,4
54.74,0.21,-0.21,0.55,2,7
59.12,-0.64,0.03,-0.763,2.8,2
53.11,0.58,0.33,1.171,3,6
69.16,0.73,0.11,1.378,4,7
51.96,0.57,-0.79,-0.501,2.3,2
65.69,-0.42,1.43,-0.469,3.8,2
41.9,-0.1,0.07,0.341,3,4
67.53,1.12,0.99,-0.531,4,4
47.85,-0.45,0.3,-0.741,3,2
49.28,0.96,0.51,-0.441,2.5,2
40.81,-0.1,0.07,0.379,3,5
60.78,0.25,0.07,-0.733,3.3,4
55.95,-0.1,0.32,0.653,3.5,7
46.89,0.11,0.32,-1.207,1.8,1
48.78,-0.45,0.07,0.808,3.3,5
43.78,0.71,1.19,1.206,3,6
37.62,-0.29,-1.07,-0.438,2.3,3
66.57,-0.1,-0.14,0.235,2.8,2
51.42,0.57,0.74,0.461,3.5,3
56.09,0.74,0.95,1.313,3.3,7
63.53,-0.1,0.07,0.072,2.8,4
63.46,-0.28,0.07,-0.488,3.5,3
39.18,-0.64,-1.04,0.581,2.5,6
66.43,-1.11,0.3,0.838,3.8,6
56.36,-0.06,0.27,0.219,3,2
67.72,0.87,0.43,0.243,2.8,3
55.02,-0.1,0.07,0.504,2.8,3
66.46,0.97,0.32,-0.303,4,2
48.85,-0.41,-0.97,-0.786,2.5,4
52.91,-0.46,-1.04,0.178,2.5,6
63.42,0.34,0.07,1.065,4,7
51.21,-0.03,0.72,0.009,3.5,2
60.18,0.13,0.3,-0.294,3,2
48.22,-0.06,0.02,-0.514,3.5,4
58.08,-0.27,-0.19,-0.376,3.3,4
47.77,-0.64,-0.6,-0.41,2.5,4
59.23,0.09,0.51,0.581,2.3,2
63.42,-0.04,-0.44,-0.475,2.5,2
60.16,0.7,0.77,1.154,3.8,6
45.47,0.44,0.71,0.309,2.5,2
56.19,-0.43,-0.14,-0.49,3.5,4
49.6,0.35,0.98,-0.139,3,5
63.8,0.44,1.18,-0.224,3.5,5
44.04,0.55,0.56,0.026,3.5,2
62.23,-1.65,-1.51,-0.126,3.5,2
50.11,-0.27,-0.14,0.35,3,7
31.62,-0.51,-0.14,0.515,3,5
58.18,0.65,1.43,-1.204,2.8,2
37.04,-0.1,0.07,0.503,4,5
47.29,-0.51,-0.62,-0.291,2.8,2
66.84,0.13,0.3,0.154,3,4
67.47,-0.28,0.34,0.365,3.3,5
59.06,0.09,0.73,0.35,3.8,5
60.29,0.11,0.07,0.004,3.3,3
65.78,-0.28,0.3,1.174,3.8,5
55.94,-1.16,-0.8,1.169,2.5,2
58.47,0.66,0.49,1.052,3.3,6
48.71,0.06,0.03,-0.023,4,2
50.61,-0.64,-0.18,-0.149,2,2
63.93,-0.43,0.28,-0.514,3.8,5
44.29,0.87,0.07,-0.906,2.3,2
47.5,0.42,0.72,-0.192,2.8,2
53.37,0.13,-1.07,-0.802,3,2
56.78,-1.08,0.51,0.822,3.8,5
62.84,0.23,1.18,-0.378,3,3
60.59,-0.1,-0.14,1.11,3.8,5
56.3,-0.85,-0.12,-0.045,3,2
56.41,-0.1,0.07,1.099,3,5
57.73,0.13,0.07,0.588,3.3,5
64.09,-0.28,0.3,1.152,4,6
52.39,-1.46,0.08,-1.073,2.3,2
51,-0.27,0.3,-0.261,3.8,3
48.08,-0.28,-0.41,0.213,2.3,2
56.39,-0.1,0.51,-0.161,3.5,2
56.46,0.93,0.95,0.513,4,3
37.55,0.13,0.07,0.105,3,4
45.07,-0.28,0.07,-0.758,2.8,2
52.17,-0.14,0.76,-0.122,1,4
43.88,-0.1,-0.16,0.438,1.5,2
56.55,1.33,1.43,0.912,2.8,6
31.31,0.71,0.35,0.229,2.5,2
39.72,1.1,0.72,-1.167,3,3
43.74,0.13,0.07,0.088,3.3,4
50.53,-0.45,0.27,0.164,3.3,4
56.7,0.69,0.74,0.276,3.8,5
43.21,1.33,1.43,-0.953,2,2
52.7,-0.1,0.51,-0.37,3.8,3
67.34,0.13,0.27,0.871,3.5,5
42.13,-0.06,0.69,-0.663,2.5,1
53.1,-0.64,0.07,-0.133,3.3,6
47.27,-0.45,0.52,-0.216,3,2
53.32,-0.1,-0.37,-0.555,2.8,2
45.95,0.15,-0.4,0.151,3,6
64.08,1.14,0.53,-0.421,4,5
56.59,1.14,1.2,-1.033,4,4
40.6,-0.46,0.07,-0.115,2,2
40.57,-0.28,0.51,0.786,2.5,5
59.84,0.07,0.76,1.799,4,7
65.56,0.36,0.27,1.176,4,6
54.22,-0.1,-0.16,-0.272,3,4
45.87,-0.1,0.07,0.276,2.1,2
54.61,-0.28,-0.63,-0.513,3.5,3
43.02,0.73,-1.03,-0.452,3,2
62.73,0.65,1.39,0.313,4,4
65.37,-0.33,0.07,0.581,1.6,5
64.49,0.71,0.02,0.128,3,3
65.9,-0.51,-0.37,1.164,3.5,7
62.5,0.11,0.28,1.438,2.3,7
58.44,1.33,1.43,-0.114,4,5
49.34,0.15,-0.37,0.229,2.3,3
63.35,0.54,0.52,0.633,3.8,4
54.72,-0.23,0.74,-0.429,3.5,2
61.33,0.48,0.27,-0.135,4,3
65.79,1.14,0.73,0.516,3,5
53.15,-0.23,0.29,0.687,2.3,5
57.21,0.79,0.95,1.172,4,7
45.23,0.13,0.95,0.597,3.3,7
46.74,0.13,0.07,0.503,3.3,5
69.16,0.97,1.18,0.033,4,4
44.39,0.01,0.06,-0.26,3.5,4
49.71,-0.23,0.3,-1.204,2.3,4
54.44,-1.53,-0.85,0.808,3,6
54.8,-0.1,-0.2,0.6,3,6
55.42,-0.1,0.07,-0.619,2.8,3
60.82,0.66,0.95,-0.142,4,4
65.22,-0.45,-0.85,-0.374,2.5,3
45.45,-0.85,0.3,0.036,3.3,5
64.04,-0.01,0.98,0.101,4,5
51.06,-0.45,0.07,-0.254,3.8,3
57.94,-0.47,0.07,0.767,2.5,5
62.49,-0.1,-0.42,0.186,2.8,4
49.8,0.36,0.55,-1.004,2.5,2
40.35,-0.64,-0.35,-0.374,1.9,2
65.22,-0.1,0.07,0.626,3,6
42.67,-0.46,0.05,-0.563,3,3
57.23,-0.49,-0.19,-0.224,2.8,2
66.15,0.33,0.71,0.173,4,5
59.43,0.12,0.3,0.03,3.3,3
39.16,-0.1,0.08,-0.919,1.5,2
48.92,1.12,0.08,-1.032,2.3,2
66.49,-0.22,0.51,0.852,4,5
50.12,0.09,0.73,-0.234,2.5,3
49.04,-0.1,-0.14,-0.449,1.8,3
45.11,-0.28,0.07,0.515,2.8,5
40.8,-0.88,-0.85,-0.129,1.8,5
68.05,0.3,0.07,-0.298,3,3
57.7,-0.44,-1.34,-0.384,3.5,3
45.19,0.52,0.77,0.486,3.5,5
38.72,-0.1,0.07,-0.413,1.5,3
60.29,0.56,0.3,0.063,4,2
53.73,-0.45,0.48,0.313,3.5,5
58.38,-0.27,-0.4,-0.194,2.5,3
63.59,-0.24,0.53,1.152,3.8,6
51.69,0.55,0.74,-0.561,4,2
44.25,-0.06,0.07,-0.756,2.5,2
59.77,-0.1,0.29,-0.168,3.5,4
57.4,-0.45,-0.39,-0.567,4,3
52.17,-0.1,-0.37,0.398,3.8,5
33.7,-0.66,-0.42,-0.122,1.2,2
54.44,-0.1,0.07,0.344,4,5
41.62,0.36,0.07,1.155,2,7
58.16,0.46,0.36,-0.435,3.5,2
60.61,0.09,0.27,0.079,3.8,5
54.2,-0.48,-1.03,0.144,3.8,7
64.17,0.34,0.07,1.553,3.8,7
61.59,-0.08,0.28,-0.007,2.8,2
59.06,-0.33,-0.16,-0.026,3,2
31.65,-0.27,-0.14,-0.784,2.5,1
46.64,0.26,0.54,-1.04,3,2
52.56,1.33,0.96,0.934,3.5,5
43.84,0.34,0.48,0.864,3.3,6
51.58,0.57,0.98,0.485,3.8,2
38.5,-0.06,-1.04,0.482,2.8,4
60.51,0.38,0.78,-0.683,3.8,4
52.44,-0.1,0.07,1.874,4,6
60.22,0.36,0.74,0.449,3.3,4
50.88,-0.45,-0.14,0.917,3.5,5
59.33,0.79,0.07,0.601,2.8,6
47.77,-0.22,-0.59,0.45,2.5,7
62.4,-0.44,-0.17,1.401,3.3,6
64.96,0.23,0.11,0.357,4,4