student_id,school_id,language_pre,language_post,ses,verbal_iq,female,minority
17001,1,36,46,23,3.165937909925667,0,0
17002,1,36,45,10,2.665937909925667,0,1
17003,1,33,33,15,-2.334062090074333,0,0
17004,1,29,46,23,-0.8340620900743332,0,0
17005,1,19,20,10,-3.834062090074333,0,0
17006,1,22,30,10,-2.334062090074333,0,1
17007,1,20,30,23,-2.334062090074333,0,1
17008,1,44,57,10,1.1659379099256668,0,0
17009,1,34,36,13,-2.334062090074333,0,1
17010,1,31,36,15,-0.8340620900743332,0,1
17011,1,18,29,10,-6.334062090074333,1,1
17012,1,36,40,18,2.165937909925667,0,0
17013,1,31,41,15,-2.834062090074333,0,1
17014,1,34,47,20,-1.3340620900743332,0,1
17015,1,31,33,10,-1.8340620900743332,0,1
17016,1,32,37,20,-0.8340620900743332,0,0
17019,1,23,29,13,-5.334062090074333,1,0
17020,1,20,26,10,-7.834062090074333,1,1
17021,1,27,37,10,-0.8340620900743332,1,1
17022,1,31,40,15,-0.8340620900743332,1,1
17025,1,24,27,10,-0.8340620900743332,1,0
17026,1,35,43,13,0.6659379099256668,1,0
17027,1,32,39,10,-0.3340620900743332,1,1
17028,1,25,21,10,-1.8340620900743332,1,1
17029,1,33,42,10,-1.8340620900743332,1,1
27001,2,22,21,15,-0.3340620900743332,1,0
27002,2,33,27,15,-1.3340620900743332,0,0
27003,2,22,16,20,-3.834062090074333,0,0
27004,2,25,31,15,-4.334062090074333,1,0
27005,2,27,21,10,-4.334062090074333,0,1
27006,2,23,18,23,-5.334062090074333,1,0
27007,2,30,32,10,-0.3340620900743332,0,0
107201,10,26,28,15,-1.3340620900743332,0,0
107202,10,25,33,20,-1.3340620900743332,0,0
107203,10,31,38,20,0.6659379099256668,1,0
107204,10,20,14,10,-3.834062090074333,1,0
107206,10,30,39,33,-0.8340620900743332,1,0
127102,12,23,23,27,-2.334062090074333,0,0
127103,12,33,43,33,-1.3340620900743332,1,0
127104,12,18,25,33,-3.334062090074333,1,0
127105,12,25,24,28,-4.334062090074333,1,0
127106,12,37,41,37,-0.8340620900743332,1,0
127202,12,20,32,30,-1.3340620900743332,0,0
127204,12,28,26,20,-1.3340620900743332,0,0
127205,12,30,21,40,-2.334062090074333,0,0
127206,12,29,37,20,-1.8340620900743332,0,0
127207,12,23,30,17,-0.3340620900743332,1,0
127208,12,33,41,20,-2.334062090074333,1,0
127209,12,25,31,50,-2.834062090074333,1,0
127210,12,21,27,20,-3.834062090074333,1,0
127212,12,29,33,27,-4.334062090074333,1,0
127213,12,27,29,40,-3.334062090074333,1,0
157001,15,36,31,40,2.165937909925667,0,0
157002,15,18,18,20,-3.334062090074333,0,0
157003,15,30,37,40,1.1659379099256668,0,0
157006,15,35,22,25,-1.3340620900743332,1,0
157007,15,38,43,20,3.165937909925667,1,0
157008,15,15,9,30,-2.834062090074333,1,0
157009,15,36,41,30,-1.8340620900743332,0,0
157010,15,37,46,20,0.16593790992566682,0,0
167002,16,31,34,23,-0.8340620900743332,0,0
167003,16,40,47,33,-0.8340620900743332,1,0
167005,16,32,44,27,0.6659379099256668,0,0
167006,16,44,50,27,1.1659379099256668,0,0
167008,16,44,45,23,0.6659379099256668,0,0
167010,16,41,43,30,-0.8340620900743332,1,0
167011,16,32,34,35,-0.3340620900743332,0,0
167012,16,32,35,37,-0.8340620900743332,0,0
187001,18,24,22,23,-2.334062090074333,0,0
187002,18,30,27,15,-2.334062090074333,1,0
187003,18,46,45,50,3.165937909925667,1,0
187004,18,36,45,27,-0.3340620900743332,1,0
187005,18,30,38,35,1.1659379099256668,0,0
187006,18,30,24,33,-1.3340620900743332,0,0
187007,18,41,50,25,1.1659379099256668,1,0
187008,18,26,22,20,-0.8340620900743332,0,0
187009,18,37,43,30,2.165937909925667,0,0
187010,18,38,28,28,1.6659379099256668,0,0
187012,18,35,38,33,-1.3340620900743332,0,0
187013,18,29,20,25,-2.334062090074333,0,0
187014,18,39,40,33,3.665937909925667,0,0
187015,18,41,47,50,0.16593790992566682,0,0
187016,18,29,20,15,-0.8340620900743332,0,0
187017,18,32,28,25,-0.8340620900743332,1,0
187018,18,38,33,50,1.1659379099256668,0,0
187019,18,16,21,30,-0.3340620900743332,0,0
187020,18,41,44,38,0.6659379099256668,1,0
187022,18,33,43,20,0.16593790992566682,0,0
187023,18,29,18,35,-1.8340620900743332,0,0
187024,18,41,31,50,-1.3340620900743332,1,0
187025,18,29,21,35,-0.3340620900743332,1,0
187027,18,34,41,35,-0.8340620900743332,0,0
217001,21,34,48,20,2.665937909925667,0,0
217002,21,38,43,18,1.1659379099256668,1,0
217004,21,27,32,18,-3.334062090074333,0,0
217005,21,31,17,20,-0.3340620900743332,0,0
217006,21,15,27,20,-3.334062090074333,0,0
217007,21,45,55,28,1.1659379099256668,0,0
217008,21,43,45,28,0.6659379099256668,1,0
217009,21,34,36,18,1.6659379099256668,1,0
217011,21,25,24,18,-3.834062090074333,0,0
217012,21,30,35,18,-2.834062090074333,1,0
217013,21,39,43,23,-0.3340620900743332,0,0
217014,21,38,48,23,1.1659379099256668,1,0
217015,21,41,38,23,2.665937909925667,1,0
217016,21,38,44,20,0.16593790992566682,0,0
217017,21,44,47,18,0.16593790992566682,0,0
217018,21,38,36,23,1.6659379099256668,0,0
217019,21,31,41,25,-0.3340620900743332,1,0
247001,24,43,41,23,0.16593790992566682,0,0
247002,24,23,26,20,-1.8340620900743332,1,0
247003,24,47,52,20,2.165937909925667,1,0
247004,24,34,43,10,0.6659379099256668,0,0
247005,24,43,54,20,1.1659379099256668,0,0
247006,24,33,49,30,-0.3340620900743332,1,0
247007,24,41,51,20,3.665937909925667,0,0
247008,24,37,47,23,1.6659379099256668,0,0
247009,24,43,51,17,0.16593790992566682,1,0
247010,24,37,51,23,0.16593790992566682,1,0
247011,24,31,34,20,-3.334062090074333,1,0
247012,24,40,51,23,-1.3340620900743332,1,0
247013,24,33,49,23,-1.8340620900743332,1,0
247014,24,26,42,37,-2.834062090074333,1,0
247015,24,40,50,17,1.1659379099256668,1,0
247018,24,29,33,17,-5.334062090074333,1,0
247019,24,38,46,33,1.6659379099256668,1,0
247020,24,44,57,20,4.665937909925667,0,0
247021,24,33,35,30,-1.3340620900743332,0,0
247022,24,29,44,27,1.6659379099256668,0,0
247023,24,33,36,23,0.16593790992566682,0,0
247024,24,44,50,23,0.6659379099256668,0,0
247025,24,33,38,27,1.1659379099256668,1,0
247026,24,31,49,27,0.16593790992566682,1,0
267001,26,27,26,20,-1.3340620900743332,0,0
267002,26,37,48,35,0.16593790992566682,0,0
267003,26,32,32,40,0.6659379099256668,0,0
267004,26,40,46,33,1.1659379099256668,0,0
267006,26,33,38,30,-1.8340620900743332,0,0
267007,26,26,44,33,-0.8340620900743332,0,0
267009,26,35,35,17,-0.8340620900743332,0,0
267010,26,37,40,23,4.665937909925667,0,0
267011,26,44,40,37,1.1659379099256668,0,0
267012,26,37,46,20,-0.3340620900743332,0,0
267013,26,37,31,20,-1.8340620900743332,1,0
267014,26,40,50,45,1.6659379099256668,1,0
267015,26,41,46,40,1.6659379099256668,1,0
267016,26,37,51,43,4.665937909925667,1,0
267017,26,23,29,28,-2.834062090074333,1,0
267018,26,36,39,33,0.16593790992566682,1,0
267019,26,39,49,35,1.6659379099256668,1,0
267020,26,43,43,47,2.165937909925667,1,0
277101,27,34,37,23,-1.8340620900743332,1,0
277102,27,30,35,23,-1.3340620900743332,0,0
277103,27,35,38,28,1.1659379099256668,0,0
277104,27,35,40,23,1.1659379099256668,1,0
277105,27,37,42,47,2.165937909925667,0,0
277109,27,33,41,40,2.665937909925667,0,0
277110,27,30,32,40,0.16593790992566682,0,0
277111,27,36,40,27,0.6659379099256668,0,0
277112,27,19,20,23,-1.3340620900743332,0,0
277114,27,37,29,27,-0.8340620900743332,1,0
277115,27,33,41,40,0.6659379099256668,0,0
277116,27,30,23,30,1.1659379099256668,0,0
277120,27,19,27,23,-0.3340620900743332,1,0
277122,27,27,35,27,-2.334062090074333,1,0
277202,27,29,33,35,-0.3340620900743332,0,0
277203,27,20,31,23,-2.334062090074333,1,0
277204,27,30,29,40,0.16593790992566682,0,0
277205,27,25,31,20,-1.8340620900743332,1,0
277206,27,32,40,20,0.16593790992566682,0,0
277207,27,27,19,20,-5.334062090074333,1,0
277208,27,35,40,35,-0.8340620900743332,1,0
297001,29,38,51,45,6.165937909925667,0,0
297003,29,41,51,47,4.165937909925667,0,0
297004,29,31,35,50,0.16593790992566682,0,0
297005,29,36,50,50,-0.3340620900743332,0,0
297006,29,36,51,45,0.16593790992566682,0,0
297007,29,33,52,40,3.665937909925667,0,0
297008,29,36,44,35,2.165937909925667,1,0
297009,29,34,39,35,-5.834062090074333,1,0
297010,29,40,41,35,0.6659379099256668,1,0
297011,29,47,51,45,4.665937909925667,1,0
337001,33,31,20,15,0.16593790992566682,0,0
337002,33,30,43,20,-1.8340620900743332,1,0
337003,33,31,31,37,-1.8340620900743332,0,0
337004,33,32,42,25,-0.8340620900743332,0,0
337005,33,31,50,23,1.1659379099256668,0,0
337006,33,30,41,27,0.16593790992566682,1,0
357001,35,30,38,20,-0.8340620900743332,1,0
357002,35,39,52,20,1.1659379099256668,0,0
357003,35,31,34,20,-1.3340620900743332,0,0
357004,35,25,34,18,-4.834062090074333,1,0
357005,35,38,54,30,1.1659379099256668,0,0
357006,35,39,47,45,1.1659379099256668,0,0
357007,35,20,25,18,-0.8340620900743332,0,0
357008,35,30,27,13,-3.834062090074333,0,1
357009,35,26,35,23,-3.834062090074333,1,0
357010,35,31,28,18,0.16593790992566682,0,0
357013,35,29,34,10,-3.334062090074333,1,1
357014,35,30,42,25,-2.334062090074333,0,0
357015,35,33,38,25,-1.3340620900743332,0,0
357017,35,44,51,30,3.665937909925667,0,1
367001,36,47,55,33,2.665937909925667,0,0
367002,36,32,40,20,0.16593790992566682,0,0
367003,36,41,49,30,0.16593790992566682,0,0
367004,36,24,37,35,1.1659379099256668,1,0
367005,36,31,31,25,-2.334062090074333,0,0
367006,36,32,31,30,0.16593790992566682,0,0
367008,36,32,28,30,-3.334062090074333,0,0
367010,36,26,30,20,-0.8340620900743332,0,0
367012,36,33,34,40,-2.334062090074333,1,0
367013,36,38,42,40,0.6659379099256668,0,0
367014,36,26,29,30,-0.8340620900743332,1,0
367015,36,31,27,20,0.16593790992566682,0,0
367016,36,31,32,33,1.1659379099256668,1,0
367018,36,28,22,30,-2.334062090074333,0,0
367019,36,34,34,30,2.665937909925667,0,0
367020,36,31,36,38,0.6659379099256668,0,0
367021,36,35,46,28,0.6659379099256668,1,0
367023,36,44,45,30,0.6659379099256668,1,0
367024,36,36,39,37,0.6659379099256668,1,0
367025,36,38,36,40,-0.8340620900743332,1,0
367026,36,36,33,30,-1.3340620900743332,1,0
367028,36,31,28,40,-0.8340620900743332,0,0
367029,36,34,35,20,0.16593790992566682,1,0
387001,38,29,42,50,-0.8340620900743332,0,0
387002,38,36,42,40,-1.8340620900743332,1,0
387003,38,28,34,20,-2.334062090074333,1,0
387004,38,40,47,20,-2.334062090074333,0,0
387005,38,36,43,47,-1.8340620900743332,0,0
387006,38,39,45,47,-0.8340620900743332,0,0
387007,38,44,53,20,0.16593790992566682,1,0
387008,38,40,53,40,0.16593790992566682,1,0
387009,38,32,42,30,0.16593790992566682,1,0
387010,38,36,40,30,-0.8340620900743332,0,0
387011,38,41,50,45,0.6659379099256668,1,0
387012,38,39,41,23,0.6659379099256668,0,0
387013,38,31,35,30,-2.834062090074333,0,0
387015,38,41,42,20,1.1659379099256668,0,0
387016,38,42,52,25,1.1659379099256668,1,0
387017,38,31,26,20,-2.834062090074333,0,0
387018,38,35,39,23,0.16593790992566682,0,0
387019,38,28,33,20,-3.834062090074333,0,0
387020,38,41,50,20,1.6659379099256668,1,0
387021,38,35,38,20,-1.8340620900743332,0,0
387022,38,41,45,23,1.6659379099256668,0,0
387023,38,41,43,33,2.665937909925667,0,0
387024,38,38,41,20,0.16593790992566682,1,0
387025,38,27,36,25,-1.3340620900743332,1,0
387026,38,41,38,30,0.16593790992566682,1,0
387027,38,27,31,20,-2.334062090074333,0,0
387028,38,38,53,37,3.665937909925667,1,0
387031,38,35,35,17,1.6659379099256668,0,0
407102,40,31,41,45,-0.3340620900743332,0,0
407103,40,30,27,40,-2.834062090074333,0,0
407104,40,34,30,50,-1.8340620900743332,0,0
407105,40,40,48,50,0.6659379099256668,0,0
407106,40,34,36,40,0.16593790992566682,0,0
407107,40,25,30,20,-2.334062090074333,0,0
407108,40,17,18,30,-0.3340620900743332,0,0
407110,40,30,34,20,0.6659379099256668,0,0
407111,40,40,49,50,1.1659379099256668,0,0
407112,40,41,44,20,0.6659379099256668,0,0
407113,40,35,50,30,3.665937909925667,0,0
407114,40,42,51,20,2.165937909925667,1,0
407115,40,37,50,20,1.6659379099256668,1,0
407116,40,40,50,30,2.165937909925667,1,0
407118,40,41,44,30,0.16593790992566682,1,0
407119,40,46,48,40,1.1659379099256668,1,0
407120,40,21,26,20,-2.334062090074333,1,0
407121,40,44,50,30,1.6659379099256668,1,0
407122,40,41,52,30,3.165937909925667,1,0
407123,40,38,46,50,0.6659379099256668,1,0
407124,40,38,50,40,1.6659379099256668,1,0
407125,40,33,36,30,-0.8340620900743332,1,0
407126,40,34,44,40,-0.8340620900743332,1,0
407127,40,28,35,20,-0.3340620900743332,1,0
407128,40,27,20,30,0.6659379099256668,1,0
407201,40,27,36,28,-0.8340620900743332,0,0
407202,40,36,42,23,0.6659379099256668,0,0
407203,40,38,43,30,1.1659379099256668,0,0
407204,40,27,35,45,-0.3340620900743332,0,0
407205,40,48,45,45,4.665937909925667,0,0
407206,40,44,50,28,3.665937909925667,1,0
407207,40,38,49,18,1.6659379099256668,1,0
407209,40,41,51,28,0.6659379099256668,1,0
407210,40,42,53,20,3.165937909925667,1,0
407211,40,38,48,18,-1.8340620900743332,1,0
417001,41,38,38,20,-0.3340620900743332,0,1
417002,41,37,40,20,1.1659379099256668,0,0
417003,41,44,31,20,0.6659379099256668,1,0
417004,41,31,38,30,-1.3340620900743332,1,0
417005,41,33,29,20,-0.8340620900743332,0,0
417006,41,45,52,20,3.165937909925667,1,0
417007,41,38,41,20,3.165937909925667,0,0
417009,41,38,48,20,1.1659379099256668,0,0
417010,41,38,50,20,3.665937909925667,1,0
417012,41,42,37,15,-0.3340620900743332,0,0
417014,41,34,30,10,-0.8340620900743332,0,1
417015,41,28,28,15,-1.8340620900743332,1,0
417017,41,20,30,10,-2.334062090074333,0,1
427001,42,37,45,28,-0.3340620900743332,0,0
427002,42,25,25,38,-0.3340620900743332,0,0
427003,42,39,49,43,2.665937909925667,1,0
427004,42,24,30,40,0.16593790992566682,1,0
427005,42,33,35,40,0.6659379099256668,0,0
427006,42,25,18,30,-2.334062090074333,0,0
427008,42,33,39,20,-0.8340620900743332,1,0
427009,42,28,20,20,-1.8340620900743332,0,0
427010,42,40,47,30,2.665937909925667,1,0
427011,42,28,34,38,-0.8340620900743332,1,0
427012,42,37,45,48,1.1659379099256668,0,0
427013,42,36,31,20,-0.3340620900743332,1,0
427014,42,37,38,25,-0.3340620900743332,1,0
427015,42,23,38,25,-0.3340620900743332,1,0
447001,44,27,26,15,-0.8340620900743332,0,0
447002,44,37,43,25,-0.3340620900743332,1,0
447004,44,38,34,18,-1.3340620900743332,1,1
447005,44,39,39,18,-0.3340620900743332,0,0
447006,44,31,36,10,-1.3340620900743332,0,1
447008,44,35,46,17,0.6659379099256668,0,0
447009,44,27,38,25,-0.8340620900743332,0,0
447010,44,26,25,18,-0.8340620900743332,0,0
447011,44,27,23,18,-2.334062090074333,1,0
447012,44,34,38,25,0.6659379099256668,0,0
447013,44,45,53,25,0.6659379099256668,1,0
447014,44,31,31,17,-1.8340620900743332,0,0
447015,44,40,45,20,-1.3340620900743332,0,0
447016,44,34,43,20,-0.3340620900743332,0,0
447017,44,33,26,18,0.16593790992566682,0,0
477002,47,23,29,17,-1.3340620900743332,0,0
477004,47,15,15,18,-4.834062090074333,0,0
477005,47,32,29,20,-1.8340620900743332,0,0
477006,47,27,20,10,-0.8340620900743332,0,0
477007,47,15,23,10,-7.334062090074333,1,1
477009,47,15,27,20,-5.834062090074333,1,1
477011,47,15,22,25,-1.8340620900743332,0,1
477012,47,22,23,25,-4.334062090074333,0,1
487002,48,37,44,30,0.6659379099256668,0,0
487005,48,20,25,10,-2.834062090074333,0,1
487006,48,28,30,17,-1.3340620900743332,0,1
487007,48,33,32,25,0.16593790992566682,1,0
487008,48,33,35,10,-0.8340620900743332,1,0
487010,48,28,32,20,-3.334062090074333,1,0
487011,48,27,28,10,0.16593790992566682,1,0
487012,48,33,37,30,1.6659379099256668,1,0
487013,48,38,46,10,1.1659379099256668,1,0
487014,48,42,52,27,0.6659379099256668,1,0
487020,48,36,40,10,-1.8340620900743332,1,1
497001,49,44,51,50,1.1659379099256668,1,1
497002,49,37,46,25,-1.3340620900743332,1,0
497003,49,18,18,17,-3.834062090074333,1,0
497004,49,29,32,17,-3.334062090074333,1,1
497005,49,32,41,50,1.6659379099256668,1,1
497006,49,39,46,50,1.6659379099256668,1,0
497008,49,29,25,17,-2.834062090074333,1,0
497010,49,16,21,20,-0.8340620900743332,0,0
497011,49,34,31,27,-0.3340620900743332,0,0
527001,52,29,25,13,-1.3340620900743332,0,0
527002,52,31,28,10,-1.3340620900743332,0,1
527005,52,35,39,30,1.6659379099256668,1,0
527006,52,25,25,45,-0.8340620900743332,0,0
527009,52,46,49,43,2.665937909925667,0,0
527010,52,35,34,18,-0.8340620900743332,0,0
527011,52,34,36,20,3.665937909925667,0,0
527012,52,26,19,13,-1.3340620900743332,0,0
527013,52,40,48,28,-0.8340620900743332,0,0
527014,52,30,22,15,-0.3340620900743332,0,0
527015,52,42,47,35,5.165937909925667,0,0
527017,52,36,47,15,0.6659379099256668,1,0
527018,52,35,44,20,0.16593790992566682,1,0
527019,52,30,35,20,0.16593790992566682,1,0
527020,52,45,43,33,5.165937909925667,1,0
527021,52,29,38,10,-4.834062090074333,1,0
527022,52,41,44,15,1.6659379099256668,1,0
527024,52,40,37,25,-0.3340620900743332,1,0
527025,52,29,44,35,1.1659379099256668,1,0
527026,52,25,32,15,-0.8340620900743332,1,0
527027,52,37,42,40,1.6659379099256668,1,0
547001,54,39,36,43,-0.8340620900743332,0,0
547002,54,36,42,50,0.6659379099256668,1,0
547003,54,41,50,37,-0.3340620900743332,1,0
547004,54,45,52,48,0.16593790992566682,1,0
547005,54,42,46,30,-0.8340620900743332,1,0
547006,54,46,55,50,3.665937909925667,1,0
547007,54,40,50,40,0.6659379099256668,1,0
547008,54,38,42,45,-0.3340620900743332,0,0
547009,54,47,54,50,2.665937909925667,0,0
547010,54,47,50,40,3.665937909925667,1,0
547011,54,45,53,50,3.165937909925667,0,0
547012,54,45,49,40,1.1659379099256668,1,0
547013,54,38,49,40,1.6659379099256668,0,0
547014,54,45,51,50,-0.3340620900743332,1,0
547016,54,40,54,50,3.665937909925667,0,0
547017,54,39,53,40,1.6659379099256668,1,0
547018,54,43,46,43,1.1659379099256668,0,0
547019,54,33,34,33,-1.3340620900743332,0,0
547020,54,37,47,43,1.1659379099256668,1,0
547021,54,38,42,17,0.16593790992566682,0,0
547022,54,48,51,50,6.165937909925667,1,0
547023,54,36,44,43,1.1659379099256668,0,0
547024,54,29,36,20,1.1659379099256668,1,0
547025,54,36,40,20,1.6659379099256668,0,0
547026,54,36,50,45,4.665937909925667,1,0
547027,54,34,23,45,-1.3340620900743332,0,0
547028,54,39,51,50,1.1659379099256668,1,0
547029,54,39,45,45,-0.3340620900743332,1,0
547030,54,32,44,43,-0.3340620900743332,0,0
547031,54,41,34,38,-0.3340620900743332,1,0
547032,54,44,48,35,0.16593790992566682,1,0
557001,55,23,37,40,-4.834062090074333,0,0
557002,55,32,39,28,-1.3340620900743332,0,0
557003,55,46,54,50,3.665937909925667,1,0
557004,55,42,46,30,0.6659379099256668,0,0
557005,55,43,54,45,2.665937909925667,1,0
557006,55,35,44,30,-0.8340620900743332,0,0
557007,55,36,40,30,0.6659379099256668,1,0
557008,55,34,31,30,-1.8340620900743332,1,0
557009,55,35,46,50,-0.8340620900743332,0,0
557010,55,29,23,20,-2.334062090074333,1,0
557011,55,41,52,50,4.165937909925667,1,0
557012,55,42,44,38,1.6659379099256668,0,0
557013,55,37,40,45,1.1659379099256668,0,0
557014,55,37,37,30,0.6659379099256668,0,0
557015,55,38,38,27,-0.3340620900743332,0,0
557016,55,28,34,20,-4.834062090074333,1,0
557017,55,46,51,45,5.665937909925667,0,0
557018,55,35,40,43,-2.334062090074333,0,0
557019,55,26,39,30,0.16593790992566682,1,0
557020,55,31,23,10,0.6659379099256668,0,0
557021,55,35,39,30,-1.3340620900743332,0,0
557022,55,46,44,40,3.665937909925667,1,0
557023,55,37,42,40,0.6659379099256668,1,0
557024,55,37,40,30,0.16593790992566682,0,0
557025,55,36,41,50,0.16593790992566682,1,0
557026,55,36,51,45,-0.8340620900743332,0,0
557028,55,45,43,40,0.6659379099256668,1,0
557029,55,31,33,30,1.1659379099256668,0,0
557030,55,40,42,35,-1.3340620900743332,1,0
557031,55,39,48,35,0.16593790992566682,0,0
577001,57,30,33,20,0.16593790992566682,0,1
577002,57,37,33,30,0.16593790992566682,0,0
577005,57,31,33,40,-0.3340620900743332,0,0
577006,57,40,39,40,1.1659379099256668,0,0
577007,57,34,47,40,0.16593790992566682,0,0
577008,57,41,42,30,1.1659379099256668,0,0
577011,57,42,44,50,1.6659379099256668,0,0
577012,57,39,50,40,2.165937909925667,0,0
577013,57,34,33,30,-0.3340620900743332,0,0
577014,57,41,41,40,1.1659379099256668,0,0
577015,57,33,45,40,-3.334062090074333,1,0
577017,57,34,40,45,-0.8340620900743332,1,0
577018,57,38,52,35,1.1659379099256668,1,0
577020,57,37,45,45,-1.3340620900743332,1,0
577021,57,45,55,50,3.165937909925667,1,0
577022,57,26,35,40,-0.3340620900743332,1,1
577023,57,35,54,50,-0.3340620900743332,1,0
577025,57,41,42,50,3.665937909925667,1,0
577026,57,38,41,50,0.16593790992566682,1,1
577027,57,38,45,40,-0.8340620900743332,1,0
577028,57,32,29,40,-1.8340620900743332,1,0
577029,57,22,26,35,-4.334062090074333,1,0
577030,57,40,53,30,3.665937909925667,1,0
577031,57,37,41,30,-0.8340620900743332,1,0
607102,60,31,22,50,-2.334062090074333,1,1
607103,60,22,28,10,-5.834062090074333,0,1
607105,60,38,41,33,0.6659379099256668,1,0
607106,60,38,31,33,-0.3340620900743332,0,0
607107,60,43,48,25,1.6659379099256668,0,0
607108,60,27,26,33,-3.834062090074333,0,0
607111,60,37,36,40,1.1659379099256668,0,0
607112,60,41,47,50,0.16593790992566682,1,0
607114,60,38,48,37,2.165937909925667,0,0
607115,60,42,52,40,2.165937909925667,1,0
607116,60,32,37,20,0.16593790992566682,1,0
607201,60,32,37,18,1.6659379099256668,1,0
607202,60,35,43,28,1.1659379099256668,0,0
607203,60,33,36,25,0.16593790992566682,0,0
607204,60,27,35,30,-0.3340620900743332,0,0
607205,60,34,35,25,-1.3340620900743332,0,0
607206,60,37,44,40,-0.3340620900743332,1,0
607207,60,19,22,28,-2.834062090074333,1,0
607208,60,39,50,50,-0.3340620900743332,1,0
607211,60,37,43,35,0.16593790992566682,0,0
607212,60,19,27,10,-5.834062090074333,1,1
607213,60,22,22,13,-2.334062090074333,1,0
617001,61,29,45,23,-0.3340620900743332,0,0
617002,61,16,19,10,-4.334062090074333,0,1
617004,61,41,50,25,3.165937909925667,1,0
617005,61,31,39,30,-2.834062090074333,0,0
617008,61,34,40,27,3.165937909925667,0,0
617010,61,22,29,20,-3.834062090074333,1,0
617011,61,42,49,50,-1.8340620900743332,1,0
617012,61,37,51,30,3.165937909925667,1,0
617013,61,45,56,37,4.165937909925667,1,0
617015,61,30,41,10,-0.3340620900743332,1,0
617016,61,16,27,18,1.1659379099256668,0,0
617017,61,21,31,10,-1.3340620900743332,1,1
617021,61,40,48,43,0.6659379099256668,1,0
617022,61,36,40,37,0.16593790992566682,0,0
617024,61,37,33,27,-0.8340620900743332,1,0
617025,61,30,38,30,-0.3340620900743332,0,0
617026,61,34,40,25,-1.8340620900743332,1,0
617027,61,29,39,23,-1.3340620900743332,0,0
617028,61,32,43,25,2.665937909925667,1,0
617029,61,33,46,30,1.6659379099256668,0,0
627001,62,42,51,25,4.165937909925667,0,0
627002,62,36,47,50,-1.3340620900743332,1,0
627004,62,40,49,40,5.665937909925667,1,0
627005,62,43,43,50,1.6659379099256668,0,0
627006,62,45,43,30,0.6659379099256668,1,0
627007,62,48,53,30,2.665937909925667,0,0
627008,62,37,40,45,0.16593790992566682,0,0
627009,62,46,53,50,0.6659379099256668,1,0
627010,62,46,48,30,1.6659379099256668,0,0
627012,62,39,36,30,2.165937909925667,0,0
627013,62,41,50,30,0.16593790992566682,0,0
627014,62,39,54,30,5.665937909925667,1,0
627015,62,36,42,40,0.16593790992566682,1,0
627016,62,43,51,20,1.1659379099256668,0,0
627017,62,30,43,20,-0.3340620900743332,0,0
627020,62,40,51,40,4.165937909925667,0,0
627021,62,47,53,50,5.665937909925667,0,0
627022,62,43,49,50,2.665937909925667,1,0
627023,62,41,41,30,-0.3340620900743332,1,0
627025,62,41,44,30,-0.3340620900743332,1,0
627027,62,40,41,50,1.1659379099256668,0,0
657001,65,44,57,18,3.165937909925667,0,0
657002,65,27,51,30,-0.8340620900743332,0,0
657003,65,31,43,25,-1.8340620900743332,0,0
657004,65,35,43,13,4.165937909925667,0,0
657005,65,23,43,43,0.6659379099256668,0,0
657006,65,35,43,15,0.16593790992566682,0,0
657007,65,35,54,43,-0.3340620900743332,0,0
657008,65,35,33,13,-2.334062090074333,1,0
657009,65,39,55,37,2.665937909925667,0,0
657010,65,30,47,40,1.6659379099256668,0,0
657011,65,24,36,33,-0.3340620900743332,1,0
657012,65,42,55,50,0.6659379099256668,1,0
657013,65,29,41,10,0.16593790992566682,0,0
657014,65,40,54,28,0.16593790992566682,1,0
657015,65,41,50,37,2.665937909925667,1,0
657016,65,43,54,37,-0.3340620900743332,1,0
657017,65,34,47,35,0.16593790992566682,0,0
657018,65,30,41,13,0.16593790992566682,0,0
657019,65,37,50,30,1.6659379099256668,0,0
657020,65,32,43,30,1.6659379099256668,1,0
657021,65,26,50,30,-0.3340620900743332,1,0
657022,65,44,52,45,2.665937909925667,1,0
667001,66,37,32,17,-2.834062090074333,0,0
667002,66,33,52,40,2.165937909925667,0,0
667003,66,36,21,17,-1.3340620900743332,0,0
667004,66,26,36,30,-0.8340620900743332,1,0
667005,66,35,49,37,-0.8340620900743332,1,0
667006,66,28,37,33,-0.8340620900743332,1,0
667007,66,28,28,33,-1.3340620900743332,1,0
667008,66,42,50,37,4.665937909925667,1,0
667009,66,36,47,30,2.165937909925667,0,0
667010,66,38,35,30,-0.3340620900743332,0,0
667011,66,40,52,33,3.665937909925667,0,0
677001,67,44,52,37,3.665937909925667,1,0
677002,67,36,39,20,-0.8340620900743332,0,0
677003,67,32,25,20,0.16593790992566682,0,0
677004,67,33,25,27,-1.3340620900743332,0,0
677005,67,34,38,30,1.1659379099256668,1,0
677006,67,32,31,23,-0.3340620900743332,0,0
677007,67,20,26,17,-2.834062090074333,0,0
677008,67,33,35,23,0.6659379099256668,1,0
677009,67,38,29,37,0.6659379099256668,0,0
677010,67,32,32,30,-2.334062090074333,0,0
677011,67,30,34,27,1.1659379099256668,0,0
677012,67,41,51,40,1.6659379099256668,1,0
677013,67,39,47,30,3.165937909925667,1,0
677014,67,40,39,33,3.665937909925667,0,0
677015,67,35,39,27,1.1659379099256668,1,0
677016,67,30,27,43,-0.3340620900743332,0,0
677017,67,34,45,40,4.165937909925667,1,0
677018,67,31,32,23,-1.8340620900743332,0,0
677019,67,37,41,27,-1.3340620900743332,1,0
677020,67,31,38,28,-1.3340620900743332,1,0
677021,67,30,40,37,2.165937909925667,1,0
677023,67,39,39,20,4.165937909925667,0,0
677024,67,32,29,30,-2.334062090074333,1,0
677025,67,33,40,20,-0.8340620900743332,1,0
677026,67,32,32,40,-1.3340620900743332,1,0
677027,67,16,17,20,-0.8340620900743332,1,0
687001,68,39,50,20,3.165937909925667,1,0
687003,68,28,38,18,1.6659379099256668,0,0
687004,68,41,47,20,2.165937909925667,0,0
687006,68,32,41,23,3.165937909925667,0,0
687007,68,41,50,20,2.665937909925667,1,0
687008,68,29,38,25,-0.3340620900743332,1,0
687009,68,32,47,15,1.6659379099256668,1,0
687010,68,31,27,18,-0.8340620900743332,1,0
687011,68,43,42,20,1.1659379099256668,0,0
687012,68,28,27,15,-1.3340620900743332,0,0
687013,68,35,43,23,0.16593790992566682,1,0
687014,68,38,43,23,1.6659379099256668,1,0
687015,68,36,39,20,0.6659379099256668,1,0
687016,68,39,43,18,-2.334062090074333,1,0
687017,68,43,53,30,5.165937909925667,0,0
687018,68,46,54,25,2.165937909925667,0,0
687019,68,36,47,15,2.665937909925667,1,0
687020,68,31,37,20,-3.334062090074333,1,0
687021,68,40,40,15,1.6659379099256668,0,0
687022,68,35,27,20,-1.3340620900743332,0,0
767001,76,31,41,18,-0.3340620900743332,0,0
767002,76,29,34,18,-1.8340620900743332,0,0
767003,76,32,43,38,0.6659379099256668,1,0
767004,76,39,37,38,0.6659379099256668,0,0
767005,76,35,37,18,-0.8340620900743332,1,0
767006,76,40,42,18,-0.3340620900743332,0,0
767007,76,24,25,20,-2.834062090074333,1,0
767008,76,19,33,20,-2.834062090074333,0,0
767009,76,11,16,17,-5.334062090074333,1,0
767010,76,37,34,23,-2.334062090074333,1,0
767012,76,38,40,33,0.16593790992566682,1,0
767013,76,29,30,45,-2.334062090074333,0,0
767014,76,45,47,20,1.1659379099256668,0,0
767015,76,28,36,15,-3.334062090074333,0,0
767016,76,40,52,33,4.165937909925667,0,0
767017,76,20,28,20,-5.334062090074333,1,0
787001,78,31,37,33,-3.334062090074333,0,0
787004,78,44,43,27,3.165937909925667,0,0
787005,78,39,50,25,3.665937909925667,0,0
787006,78,30,35,38,-1.3340620900743332,0,0
787008,78,36,37,13,0.16593790992566682,0,0
787010,78,36,32,17,-0.8340620900743332,0,0
787011,78,23,34,30,-1.3340620900743332,0,0
787012,78,42,49,45,2.165937909925667,0,0
787013,78,27,34,47,0.6659379099256668,1,0
787014,78,28,34,33,-0.3340620900743332,1,0
787015,78,38,39,17,0.16593790992566682,1,0
787016,78,23,40,20,-3.834062090074333,1,0
787017,78,31,34,17,-0.8340620900743332,1,0
787018,78,35,51,30,0.6659379099256668,1,0
787019,78,40,49,20,-1.8340620900743332,1,0
787022,78,28,39,27,-3.334062090074333,1,0
787024,78,35,37,27,0.16593790992566682,1,0
797001,79,42,45,33,-3.834062090074333,1,0
797003,79,35,48,33,1.1659379099256668,1,0
797004,79,30,40,20,-2.334062090074333,1,0
797005,79,29,36,23,-0.8340620900743332,1,0
797006,79,35,44,45,1.6659379099256668,1,0
797007,79,43,48,33,1.1659379099256668,1,0
797009,79,46,49,37,2.665937909925667,1,0
797010,79,31,31,25,-2.834062090074333,0,0
797011,79,38,41,43,1.1659379099256668,0,0
797012,79,39,42,20,-0.8340620900743332,0,0
797013,79,42,46,37,3.665937909925667,0,0
797016,79,32,28,20,-0.3340620900743332,0,0
797017,79,43,45,20,0.6659379099256668,0,0
797018,79,35,46,30,1.6659379099256668,0,0
807001,80,23,26,25,-2.834062090074333,0,0
807002,80,22,28,17,-4.834062090074333,0,0
807004,80,36,46,20,-2.334062090074333,1,0
807005,80,38,42,40,0.16593790992566682,1,0
807006,80,38,48,40,0.16593790992566682,0,0
807007,80,37,41,20,-0.3340620900743332,1,0
807008,80,35,45,43,-1.8340620900743332,0,0
807009,80,36,45,47,-0.8340620900743332,1,0
807010,80,37,45,20,1.6659379099256668,0,0
807011,80,49,50,47,-0.3340620900743332,1,0
807012,80,37,24,17,-4.334062090074333,0,0
807014,80,46,54,50,2.165937909925667,1,0
807017,80,26,20,17,-4.334062090074333,0,0
807018,80,38,52,50,1.6659379099256668,1,0
807019,80,39,44,33,-0.8340620900743332,1,0
807020,80,37,45,17,-1.8340620900743332,0,0
807022,80,28,34,10,-2.334062090074333,0,0
807023,80,35,46,10,-0.8340620900743332,0,1
807024,80,36,39,15,0.16593790992566682,1,0
807026,80,34,51,30,2.165937909925667,1,0
807027,80,27,28,17,-1.3340620900743332,0,0
867001,86,29,42,50,-0.3340620900743332,0,0
867002,86,37,45,20,1.6659379099256668,1,0
867003,86,37,41,50,1.1659379099256668,1,0
867005,86,34,46,30,-0.8340620900743332,0,0
867006,86,40,48,30,0.6659379099256668,1,0
867008,86,39,42,30,2.165937909925667,0,0
867009,86,25,28,43,-1.3340620900743332,0,0
867010,86,25,25,30,-4.834062090074333,1,0
867013,86,39,46,23,2.665937909925667,1,0
867014,86,37,49,50,3.665937909925667,0,0
867015,86,26,35,35,-0.8340620900743332,1,0
867017,86,32,42,30,0.6659379099256668,0,0
867018,86,35,51,50,1.1659379099256668,0,0
867019,86,30,43,50,-1.3340620900743332,0,0
867020,86,22,31,20,-0.8340620900743332,0,0
867021,86,17,40,35,-2.334062090074333,0,0
867022,86,30,41,23,-0.8340620900743332,1,0
867023,86,35,30,33,-0.3340620900743332,1,0
867026,86,44,48,50,4.165937909925667,0,0
867028,86,31,42,23,-1.3340620900743332,1,0
867029,86,38,51,50,3.165937909925667,0,0
867030,86,42,53,50,3.665937909925667,0,0
867031,86,35,50,40,0.6659379099256668,0,0
867032,86,35,41,50,-1.3340620900743332,0,0
877002,87,29,45,35,-0.8340620900743332,0,0
877003,87,25,24,20,-1.8340620900743332,0,0
877004,87,26,45,30,-0.3340620900743332,1,0
877006,87,28,36,20,-1.3340620900743332,0,0
877008,87,32,41,20,-3.334062090074333,1,0
877009,87,36,33,20,0.16593790992566682,1,0
877011,87,36,47,47,1.6659379099256668,0,0
877012,87,36,43,30,1.6659379099256668,0,0
877013,87,39,51,23,2.165937909925667,1,0
877014,87,35,32,25,-0.3340620900743332,1,0
877016,87,28,22,20,-1.8340620900743332,1,0
877017,87,28,30,17,-2.834062090074333,1,0
877018,87,28,37,23,-3.834062090074333,1,0
877019,87,25,41,30,0.6659379099256668,0,0
877020,87,22,20,23,-2.334062090074333,1,0
877021,87,42,52,40,2.165937909925667,0,0
877022,87,37,45,35,0.6659379099256668,1,0
877023,87,41,51,30,0.6659379099256668,1,0
877024,87,38,49,30,0.16593790992566682,0,0
877025,87,24,27,25,-0.3340620900743332,1,0
877027,87,32,42,35,1.1659379099256668,0,0
887001,88,42,53,35,3.665937909925667,0,0
887002,88,41,52,37,1.6659379099256668,1,0
887003,88,35,47,37,0.16593790992566682,1,0
887005,88,41,47,43,0.6659379099256668,1,0
887006,88,19,18,10,-4.334062090074333,0,0
887007,88,42,50,20,0.6659379099256668,1,0
887009,88,40,39,33,0.6659379099256668,0,0
887011,88,30,26,33,-2.834062090074333,0,0
887012,88,25,27,33,-1.8340620900743332,0,0
887013,88,34,44,30,-0.8340620900743332,1,0
907001,90,40,49,40,1.1659379099256668,1,0
907002,90,37,35,30,0.16593790992566682,0,0
907004,90,37,42,30,-0.8340620900743332,1,0
907005,90,42,53,40,-0.3340620900743332,1,0
907011,90,37,45,50,-0.3340620900743332,1,0
907012,90,44,50,40,0.16593790992566682,1,0
907013,90,34,38,40,0.16593790992566682,0,0
907015,90,40,50,40,1.1659379099256668,0,0
907016,90,37,44,20,-1.3340620900743332,1,0
907017,90,35,41,50,1.6659379099256668,1,0
907019,90,33,47,30,0.6659379099256668,1,0
907020,90,38,45,20,-0.8340620900743332,1,0
907021,90,34,52,40,-0.3340620900743332,1,0
907022,90,35,48,30,1.1659379099256668,1,0
907023,90,33,50,50,-0.3340620900743332,1,0
947001,94,32,40,30,3.165937909925667,1,0
947002,94,35,33,28,1.1659379099256668,0,0
947003,94,29,46,38,0.6659379099256668,0,0
947005,94,29,49,20,1.1659379099256668,0,1
947006,94,43,50,33,5.665937909925667,0,0
947009,94,33,47,38,1.1659379099256668,0,1
947010,94,19,40,20,-4.834062090074333,1,0
947012,94,37,51,40,3.665937909925667,0,0
947013,94,41,51,50,2.665937909925667,0,0
947015,94,45,53,38,3.665937909925667,0,0
947017,94,34,42,20,0.6659379099256668,1,0
947018,94,47,55,50,4.665937909925667,1,0
947019,94,44,53,45,2.165937909925667,1,0
947021,94,37,44,33,1.6659379099256668,0,0
947026,94,39,51,38,1.1659379099256668,1,0
957001,95,25,32,20,-1.8340620900743332,0,0
957002,95,38,36,20,1.6659379099256668,0,0
957004,95,45,55,25,3.665937909925667,0,1
957005,95,34,30,20,-0.3340620900743332,0,0
957006,95,32,39,20,-1.3340620900743332,0,0
957007,95,34,42,20,-1.8340620900743332,0,0
957009,95,27,34,20,-3.834062090074333,0,0
957010,95,32,36,20,-0.3340620900743332,0,0
957011,95,33,31,33,-0.8340620900743332,0,1
957012,95,28,37,20,0.16593790992566682,0,0
957013,95,36,47,30,1.1659379099256668,0,0
957014,95,27,30,10,-2.834062090074333,1,0
957015,95,19,27,23,-2.834062090074333,1,0
957016,95,36,39,35,0.16593790992566682,1,0
957019,95,31,35,20,-2.334062090074333,1,0
957020,95,31,38,20,-1.3340620900743332,1,0
957022,95,36,29,40,0.6659379099256668,1,0
957023,95,38,46,40,1.1659379099256668,1,0
977001,97,30,46,17,-0.3340620900743332,1,1
977002,97,41,43,25,1.1659379099256668,1,0
977003,97,31,43,20,0.16593790992566682,0,0
977004,97,34,42,20,1.6659379099256668,0,0
977005,97,38,49,30,0.16593790992566682,1,0
977006,97,39,46,15,0.16593790992566682,0,0
977007,97,42,49,40,0.6659379099256668,1,0
977008,97,25,27,18,0.6659379099256668,0,0
977009,97,42,47,33,0.6659379099256668,0,0
977010,97,27,36,18,-0.3340620900743332,1,0
977011,97,28,49,18,1.6659379099256668,0,0
977012,97,24,30,25,-3.334062090074333,0,0
977013,97,28,39,20,-0.3340620900743332,0,0
977014,97,25,45,20,0.6659379099256668,1,0
977016,97,35,55,25,1.1659379099256668,0,0
977017,97,28,29,18,-2.334062090074333,0,0
977018,97,31,32,25,-1.3340620900743332,1,0
987001,98,41,48,13,4.165937909925667,0,0
987002,98,34,38,17,-0.8340620900743332,0,0
987003,98,30,42,15,0.16593790992566682,0,0
987004,98,29,31,13,0.16593790992566682,0,0
987005,98,21,31,18,-0.8340620900743332,0,0
987006,98,36,38,33,4.665937909925667,0,0
987007,98,44,48,15,2.665937909925667,0,0
987008,98,35,44,15,1.1659379099256668,0,0
987009,98,34,35,13,0.6659379099256668,0,0
987011,98,21,31,10,-3.334062090074333,1,0
987012,98,25,30,10,-2.834062090074333,1,1
987013,98,31,46,15,-0.8340620900743332,1,0
987014,98,33,48,40,0.6659379099256668,1,0
987015,98,21,28,23,-1.8340620900743332,1,0
987016,98,33,36,25,-0.8340620900743332,1,0
987017,98,41,39,13,1.6659379099256668,1,0
987018,98,44,46,18,1.1659379099256668,1,0
987019,98,27,38,13,-1.3340620900743332,1,0
987020,98,29,31,18,-3.334062090074333,1,0
987021,98,27,33,10,-1.3340620900743332,1,0
1017001,101,30,44,23,0.16593790992566682,1,0
1017002,101,27,46,33,-0.8340620900743332,0,0
1017003,101,40,53,30,0.16593790992566682,0,0
1017004,101,25,30,20,-1.3340620900743332,0,0
1017005,101,35,27,10,-0.3340620900743332,0,0
1017006,101,40,40,23,1.1659379099256668,1,0
1017007,101,29,45,23,-2.834062090074333,1,1
1017008,101,37,37,13,-2.834062090074333,0,0
1017009,101,34,50,33,0.16593790992566682,1,0
1017010,101,34,46,30,-1.8340620900743332,1,0
1017011,101,31,47,30,0.16593790992566682,1,0
1017012,101,42,54,35,4.165937909925667,1,0
1017013,101,44,50,33,3.665937909925667,0,0
1017014,101,34,50,25,-5.834062090074333,0,0
1017015,101,22,35,23,-4.334062090074333,0,0
1017016,101,24,30,20,-6.334062090074333,0,0
1017017,101,38,48,30,-1.3340620900743332,1,0
1017018,101,43,55,20,1.1659379099256668,1,0
1017019,101,40,35,35,-2.834062090074333,1,0
1017020,101,30,38,30,0.16593790992566682,1,0
1017021,101,39,38,33,-2.834062090074333,1,0
1017022,101,21,41,33,-1.3340620900743332,1,0
1017023,101,22,31,30,0.16593790992566682,0,0
1037002,103,20,15,15,-1.8340620900743332,0,0
1037006,103,15,21,10,-7.834062090074333,0,1
1037009,103,28,29,20,-4.834062090074333,0,1
1037010,103,11,15,10,-5.834062090074333,0,0
1067001,106,18,25,15,-5.834062090074333,1,1
1067002,106,27,27,30,-1.3340620900743332,1,0
1067003,106,34,25,10,-0.8340620900743332,1,1
1067006,106,33,49,43,0.6659379099256668,0,0
1067007,106,28,29,20,0.16593790992566682,0,0
1067008,106,37,52,47,2.165937909925667,1,0
1067009,106,26,27,23,-2.334062090074333,1,0
1067010,106,35,49,37,0.6659379099256668,1,0
1067011,106,37,42,23,-0.3340620900743332,1,0
1067012,106,30,34,30,-3.834062090074333,0,0
1077001,107,41,51,40,2.665937909925667,1,0
1077002,107,32,43,47,-0.8340620900743332,1,0
1077003,107,33,42,35,1.1659379099256668,1,0
1077004,107,23,29,27,-0.3340620900743332,0,0
1077005,107,31,39,33,2.665937909925667,0,0
1077007,107,41,49,50,3.665937909925667,1,0
1077008,107,36,41,20,2.165937909925667,0,0
1077009,107,29,23,50,0.6659379099256668,0,0
1077010,107,43,48,37,2.165937909925667,0,0
1077011,107,28,22,43,-0.8340620900743332,1,0
1077012,107,28,19,43,-0.8340620900743332,1,0
1077013,107,43,52,50,3.165937909925667,0,0
1077014,107,45,53,50,5.165937909925667,0,0
1077015,107,36,37,50,0.6659379099256668,0,0
1077016,107,37,44,20,2.165937909925667,1,0
1077017,107,37,34,30,-0.3340620900743332,1,0
1077018,107,32,30,37,-0.8340620900743332,0,0
1087001,108,36,41,18,1.1659379099256668,0,0
1087002,108,34,49,28,1.6659379099256668,1,0
1087003,108,37,53,47,0.16593790992566682,1,0
1087004,108,32,44,40,0.16593790992566682,0,0
1087005,108,24,41,33,-1.8340620900743332,1,0
1087006,108,37,37,23,-1.3340620900743332,0,0
1087007,108,35,51,28,2.165937909925667,0,0
1087008,108,28,14,23,0.6659379099256668,0,0
1087010,108,21,17,37,-1.3340620900743332,0,0
1097001,109,34,33,13,-0.3340620900743332,0,0
1097002,109,25,43,10,-0.8340620900743332,0,0
1097003,109,36,38,20,0.16593790992566682,0,0
1097005,109,33,26,15,-1.3340620900743332,0,0
1097006,109,22,26,10,-5.834062090074333,1,1
1097007,109,36,31,18,-0.8340620900743332,1,0
1097008,109,27,30,10,-4.834062090074333,1,1
1097009,109,28,29,23,-1.3340620900743332,1,0
1097010,109,30,36,23,-0.3340620900743332,1,0
1097011,109,42,43,10,1.1659379099256668,1,0
1097013,109,37,40,10,-1.3340620900743332,1,0
1097014,109,21,26,20,-3.334062090074333,1,0
1097015,109,26,32,10,-3.334062090074333,1,1
1097016,109,41,38,10,1.6659379099256668,0,0
1097017,109,40,43,20,2.665937909925667,0,0
1097019,109,28,33,20,-1.3340620900743332,0,0
1097020,109,32,26,13,0.16593790992566682,0,0
1097021,109,29,34,15,1.6659379099256668,0,0
1097022,109,21,17,10,-6.334062090074333,0,1
1097023,109,35,39,15,3.665937909925667,1,0
1107001,110,39,45,47,-0.3340620900743332,1,0
1107002,110,37,47,30,-0.3340620900743332,0,0
1107003,110,39,45,35,1.1659379099256668,0,0
1107004,110,30,46,50,-0.3340620900743332,1,0
1107005,110,36,35,50,1.1659379099256668,0,0
1107006,110,43,47,50,2.165937909925667,0,0
1107007,110,32,43,50,1.1659379099256668,0,0
1107008,110,33,42,50,1.1659379099256668,0,0
1107009,110,33,39,30,-1.3340620900743332,1,0
1107010,110,42,51,50,-0.8340620900743332,0,0
1107012,110,26,44,20,-0.8340620900743332,1,0
1107014,110,34,46,40,3.165937909925667,1,0
1107015,110,34,33,30,-1.3340620900743332,0,0
1107017,110,30,40,20,-0.8340620900743332,1,0
1107018,110,41,51,30,1.6659379099256668,1,0
1107019,110,40,45,20,0.6659379099256668,1,0
1107020,110,38,49,20,0.6659379099256668,1,0
1117002,111,27,39,30,-0.3340620900743332,0,0
1117003,111,44,45,28,1.6659379099256668,0,0
1117005,111,29,30,23,0.6659379099256668,0,0
1117006,111,32,41,20,3.165937909925667,1,0
1117007,111,39,46,45,1.1659379099256668,0,0
1117008,111,35,39,20,-0.8340620900743332,0,0
1117009,111,37,45,20,1.1659379099256668,0,0
1117010,111,41,48,20,1.1659379099256668,1,0
1117011,111,32,30,28,-1.8340620900743332,0,0
1117012,111,37,48,27,2.165937909925667,1,0
1117013,111,35,44,20,-0.3340620900743332,0,0
1117014,111,28,29,10,-1.8340620900743332,1,1
1117015,111,40,55,10,3.665937909925667,0,0
1117016,111,35,43,20,0.16593790992566682,1,0
1117017,111,39,45,23,0.16593790992566682,0,0
1117018,111,39,45,40,-0.3340620900743332,0,0
1117019,111,39,42,10,2.165937909925667,0,0
1117020,111,36,41,20,0.16593790992566682,0,1
1127201,112,33,28,25,0.16593790992566682,0,0
1127202,112,25,26,18,-3.834062090074333,0,0
1127203,112,34,46,33,-0.8340620900743332,0,0
1127204,112,38,38,23,-0.8340620900743332,0,0
1127205,112,30,37,13,-2.334062090074333,1,0
1127206,112,44,54,30,1.6659379099256668,1,0
1127207,112,31,29,18,-3.834062090074333,1,0
1157001,115,36,36,33,-1.3340620900743332,0,0
1157002,115,32,36,33,-0.8340620900743332,1,0
1157003,115,24,20,30,-1.8340620900743332,0,0
1157004,115,37,46,30,0.16593790992566682,0,0
1157005,115,34,48,30,0.16593790992566682,1,0
1157006,115,32,24,27,-0.8340620900743332,1,0
1157007,115,21,26,27,-3.334062090074333,0,0
1157008,115,32,40,33,-0.3340620900743332,0,0
1157009,115,23,35,27,-2.334062090074333,0,0
1157010,115,36,55,30,-0.8340620900743332,1,0
1157011,115,30,36,27,0.16593790992566682,0,0
1157012,115,29,30,47,-0.3340620900743332,1,0
1157014,115,40,38,30,-1.3340620900743332,0,0
1157015,115,36,39,30,0.6659379099256668,0,0
1157016,115,39,52,27,0.16593790992566682,1,0
1157017,115,28,36,33,0.16593790992566682,0,0
1157018,115,38,43,40,1.1659379099256668,0,0
1157019,115,33,31,30,-2.334062090074333,1,0
1157020,115,35,43,30,0.16593790992566682,0,0
1157021,115,37,42,37,2.665937909925667,0,0
1157022,115,33,37,37,-0.3340620900743332,0,0
1157023,115,32,47,45,-0.3340620900743332,1,0
1157024,115,41,49,40,0.16593790992566682,0,0
1157025,115,23,31,23,-0.8340620900743332,1,0
1157026,115,33,41,30,0.16593790992566682,1,0
1157027,115,27,33,33,-2.834062090074333,1,0
1157028,115,33,42,33,1.6659379099256668,1,0
1157029,115,38,41,33,0.6659379099256668,0,0
1157030,115,38,44,23,0.6659379099256668,0,0
1157031,115,39,41,37,-0.8340620900743332,0,0
1167001,116,36,34,23,0.16593790992566682,1,0
1167002,116,41,32,28,-0.8340620900743332,1,0
1167003,116,44,46,20,1.6659379099256668,1,0
1167004,116,46,40,20,0.16593790992566682,1,0
1167005,116,34,38,30,-2.334062090074333,1,0
1167006,116,41,40,20,0.6659379099256668,0,0
1167007,116,30,24,10,-1.3340620900743332,0,0
1167008,116,47,39,15,-0.3340620900743332,0,0
1167009,116,30,24,20,-1.8340620900743332,0,0
1167011,116,38,37,17,-2.334062090074333,0,0
1167012,116,38,25,20,-0.8340620900743332,0,0
1167013,116,23,28,38,-2.834062090074333,0,0
1167014,116,38,39,30,1.1659379099256668,0,0
1167015,116,37,39,20,-0.8340620900743332,0,0
1167016,116,30,33,23,-3.834062090074333,0,0
1167018,116,28,38,15,-0.8340620900743332,0,0
1167019,116,39,38,20,0.6659379099256668,0,0
1167021,116,32,29,25,-1.8340620900743332,0,0
1167022,116,33,34,15,-1.3340620900743332,0,0
1187001,118,36,47,35,2.165937909925667,0,0
1187002,118,46,49,20,1.6659379099256668,1,0
1187003,118,25,34,33,0.6659379099256668,0,0
1187004,118,28,39,45,0.6659379099256668,0,0
1187005,118,30,27,15,-1.3340620900743332,1,0
1187006,118,31,31,18,-0.3340620900743332,0,1
1187008,118,36,40,20,0.16593790992566682,1,0
1187010,118,33,39,25,0.16593790992566682,1,0
1187011,118,18,25,30,-1.3340620900743332,0,0
1197001,119,29,34,10,1.1659379099256668,0,0
1197002,119,33,36,25,-1.8340620900743332,1,0
1197004,119,41,52,20,3.165937909925667,1,0
1197005,119,40,48,35,1.1659379099256668,0,0
1197006,119,27,31,13,-1.3340620900743332,1,0
1197008,119,41,43,23,-0.3340620900743332,1,0
1197010,119,29,27,20,1.1659379099256668,0,0
1197012,119,38,47,23,2.165937909925667,0,0
1197013,119,24,27,20,-1.8340620900743332,1,0
1197014,119,36,40,33,-0.8340620900743332,0,0
1197015,119,21,29,18,-4.834062090074333,0,0
1197017,119,32,40,33,-0.8340620900743332,0,0
1217001,121,43,41,20,4.165937909925667,1,0
1217002,121,42,44,37,1.6659379099256668,1,0
1217003,121,43,47,48,1.6659379099256668,1,0
1217004,121,42,44,37,3.165937909925667,0,0
1217005,121,34,33,37,-1.3340620900743332,0,0
1217006,121,25,28,20,0.16593790992566682,0,0
1217007,121,37,28,28,1.1659379099256668,0,0
1217008,121,44,50,28,2.665937909925667,0,0
1217010,121,44,51,30,2.165937909925667,1,0
1217011,121,43,40,20,2.165937909925667,0,0
1237001,123,32,38,13,-5.334062090074333,1,1
1237002,123,32,29,23,-4.834062090074333,0,1
1237003,123,37,38,20,1.6659379099256668,0,1
1237006,123,29,34,40,0.16593790992566682,0,0
1247001,124,44,43,27,0.16593790992566682,1,0
1247002,124,36,43,20,0.6659379099256668,1,0
1247003,124,32,46,17,0.16593790992566682,0,0
1247005,124,30,34,20,-1.8340620900743332,1,0
1247006,124,35,52,28,-0.3340620900743332,1,0
1247007,124,41,56,30,1.6659379099256668,0,0
1247008,124,36,46,20,-1.3340620900743332,0,0
1247009,124,42,47,30,0.6659379099256668,1,0
1247010,124,30,41,30,0.16593790992566682,1,0
1247011,124,40,40,20,0.16593790992566682,0,0
1247012,124,40,42,28,4.165937909925667,1,0
1247013,124,38,48,17,2.665937909925667,0,1
1247014,124,37,42,37,0.16593790992566682,0,0
1247016,124,40,48,37,0.6659379099256668,0,0
1247017,124,39,44,37,0.6659379099256668,0,0
1247018,124,31,45,33,0.16593790992566682,0,0
1247019,124,31,46,45,1.6659379099256668,0,0
1247020,124,42,53,23,1.6659379099256668,1,0
1247021,124,39,40,25,1.1659379099256668,0,0
1247022,124,40,46,20,0.16593790992566682,1,0
1257001,125,40,42,30,1.6659379099256668,0,0
1257002,125,37,47,30,1.6659379099256668,0,0
1257004,125,20,32,20,-2.334062090074333,0,1
1257005,125,47,52,45,2.665937909925667,0,0
1257006,125,38,40,30,-0.3340620900743332,0,0
1257008,125,41,48,30,1.1659379099256668,0,0
1257009,125,27,32,20,-1.3340620900743332,0,0
1257010,125,44,53,50,3.165937909925667,0,0
1257011,125,38,37,35,0.16593790992566682,0,0
1257013,125,30,36,20,-0.3340620900743332,0,0
1257015,125,47,54,40,3.165937909925667,0,0
1257016,125,23,24,20,-0.8340620900743332,0,1
1257017,125,34,43,50,1.1659379099256668,0,0
1257019,125,37,50,40,1.1659379099256668,1,0
1257020,125,28,38,20,0.16593790992566682,1,0
1257025,125,35,46,20,1.1659379099256668,1,0
1257026,125,43,51,40,3.165937909925667,1,0
1257027,125,36,38,40,0.16593790992566682,1,0
1257028,125,37,47,40,0.6659379099256668,1,0
1257030,125,38,48,40,1.6659379099256668,1,0
1257031,125,22,28,20,0.6659379099256668,1,0
1257032,125,34,51,30,0.16593790992566682,1,0
1257033,125,30,43,10,-5.334062090074333,1,1
1257034,125,41,52,50,2.665937909925667,1,0
1257036,125,39,43,33,0.6659379099256668,1,0
1257037,125,42,49,45,0.16593790992566682,1,0
1307001,130,31,42,10,-1.3340620900743332,1,0
1307002,130,36,45,13,0.16593790992566682,0,0
1307003,130,44,57,20,2.665937909925667,0,0
1307004,130,39,52,30,0.16593790992566682,1,0
1307005,130,24,50,20,0.6659379099256668,1,0
1307006,130,37,51,28,1.6659379099256668,1,0
1307007,130,17,27,10,-5.834062090074333,1,0
1307009,130,41,54,28,2.665937909925667,1,0
1307010,130,24,44,20,0.6659379099256668,0,0
1307011,130,33,45,25,0.16593790992566682,1,0
1307012,130,45,54,20,5.165937909925667,1,0
1307013,130,26,27,10,-3.834062090074333,0,0
1307014,130,37,43,15,0.6659379099256668,1,0
1327001,132,28,35,20,0.6659379099256668,0,0
1327002,132,33,45,20,1.1659379099256668,1,0
1327003,132,31,37,27,0.16593790992566682,0,0
1327004,132,34,46,30,-0.8340620900743332,0,0
1327005,132,33,53,48,0.6659379099256668,1,0
1327008,132,44,54,40,2.665937909925667,0,0
1327009,132,42,51,20,0.6659379099256668,1,0
1327010,132,39,36,33,-3.334062090074333,0,0
1327012,132,44,51,30,1.1659379099256668,0,0
1327013,132,39,55,47,1.1659379099256668,0,0
1327014,132,25,44,30,2.165937909925667,0,0
1327015,132,39,42,20,2.165937909925667,0,0
1327017,132,33,48,50,-0.8340620900743332,0,1
1327018,132,34,54,50,2.665937909925667,1,0
1327019,132,42,54,20,2.665937909925667,0,0
1327020,132,37,42,25,0.16593790992566682,0,0
1327021,132,43,55,25,1.1659379099256668,0,0
1327022,132,30,49,25,1.1659379099256668,0,0
1327023,132,39,48,20,1.6659379099256668,0,0
1327024,132,30,44,28,-0.8340620900743332,1,0
1327025,132,45,53,40,2.665937909925667,1,0
1367002,136,40,51,40,3.165937909925667,1,0
1367003,136,47,58,13,1.1659379099256668,0,0
1367004,136,33,48,43,-0.3340620900743332,1,0
1367006,136,37,51,23,1.6659379099256668,1,0
1367007,136,40,48,40,1.1659379099256668,1,0
1367008,136,39,42,23,1.6659379099256668,0,0
1367009,136,41,47,23,2.665937909925667,1,0
1367010,136,44,53,43,1.1659379099256668,0,0
1367011,136,42,49,27,0.16593790992566682,1,0
1367012,136,42,47,33,1.6659379099256668,1,0
1367013,136,36,41,20,0.6659379099256668,1,0
1367014,136,37,47,40,0.6659379099256668,1,0
1367015,136,42,54,30,1.6659379099256668,1,0
1367016,136,35,46,33,-0.8340620900743332,1,0
1367017,136,27,33,30,-0.3340620900743332,1,0
1367018,136,41,44,20,0.6659379099256668,1,0
1377001,137,39,49,40,0.6659379099256668,1,0
1377002,137,49,55,40,2.665937909925667,1,0
1377003,137,34,49,18,-1.8340620900743332,0,0
1377004,137,39,37,20,0.6659379099256668,1,0
1377005,137,41,46,30,0.16593790992566682,1,0
1377006,137,30,30,37,-5.834062090074333,0,0
1377007,137,32,33,23,-0.8340620900743332,1,0
1377008,137,39,51,43,1.6659379099256668,1,0
1377010,137,34,50,20,-0.8340620900743332,1,0
1377011,137,34,40,30,0.6659379099256668,0,0
1377012,137,41,46,37,1.1659379099256668,0,0
1377013,137,39,47,38,-1.8340620900743332,1,0
1377014,137,41,48,20,0.6659379099256668,0,0
1377015,137,46,56,37,3.165937909925667,0,0
1377016,137,21,25,20,-0.8340620900743332,0,0
1377017,137,41,52,33,0.16593790992566682,1,0
1377018,137,34,47,33,-0.3340620900743332,0,0
1377019,137,34,40,30,0.6659379099256668,1,0
1417001,141,19,27,13,-2.334062090074333,1,0
1417002,141,38,41,20,-1.3340620900743332,1,0
1417003,141,32,32,15,-0.8340620900743332,0,0
1417004,141,34,45,20,3.165937909925667,0,0
1417005,141,42,47,20,1.6659379099256668,0,0
1417006,141,34,35,17,-0.3340620900743332,1,0
1417007,141,34,44,18,-0.3340620900743332,1,0
1417008,141,39,35,18,-3.834062090074333,0,0
1417009,141,37,45,25,2.165937909925667,1,0
1417010,141,45,46,20,3.165937909925667,0,0
1417011,141,44,51,43,0.6659379099256668,0,0
1417012,141,34,33,18,-0.3340620900743332,1,0
1417013,141,26,29,13,-1.3340620900743332,1,0
1417014,141,34,48,15,0.16593790992566682,0,0
1417015,141,40,41,37,-1.3340620900743332,0,0
1417016,141,31,38,23,-3.334062090074333,1,0
1417018,141,37,44,15,0.16593790992566682,0,0
1417019,141,29,27,20,0.6659379099256668,1,0
1417020,141,41,53,17,1.6659379099256668,0,0
1417021,141,36,44,20,1.6659379099256668,1,0
1427001,142,38,42,40,0.16593790992566682,1,0
1427002,142,40,50,17,0.16593790992566682,1,0
1427003,142,43,48,43,1.6659379099256668,0,0
1427004,142,42,53,17,0.6659379099256668,1,0
1427005,142,39,41,30,0.16593790992566682,0,0
1427006,142,35,38,15,2.665937909925667,1,0
1427007,142,40,41,15,-1.3340620900743332,1,0
1427008,142,28,33,20,-0.8340620900743332,0,0
1427009,142,46,54,33,1.6659379099256668,1,0
1427010,142,28,31,10,-1.3340620900743332,0,0
1427011,142,40,50,17,2.165937909925667,1,0
1427012,142,33,40,17,-0.3340620900743332,0,0
1427013,142,42,52,23,1.6659379099256668,0,0
1427015,142,31,46,20,-1.8340620900743332,0,0
1427016,142,36,46,20,0.16593790992566682,1,0
1427017,142,48,53,17,2.665937909925667,0,0
1427018,142,31,36,40,-1.3340620900743332,1,0
1427019,142,40,46,20,1.6659379099256668,0,0
1427020,142,34,55,13,-0.3340620900743332,1,0
1427021,142,40,51,17,1.1659379099256668,0,0
1427022,142,31,42,15,0.6659379099256668,1,0
1427023,142,42,45,13,-1.8340620900743332,0,0
1427024,142,39,45,10,0.6659379099256668,1,0
1427025,142,34,52,50,-0.8340620900743332,0,0
1477001,147,42,55,30,1.1659379099256668,0,0
1477002,147,31,37,25,-0.3340620900743332,1,0
1477003,147,34,46,23,1.6659379099256668,0,0
1477004,147,31,51,33,0.16593790992566682,0,0
1477005,147,28,46,17,-1.8340620900743332,1,0
1477006,147,39,51,20,1.6659379099256668,1,0
1477007,147,35,54,25,1.6659379099256668,0,0
1477008,147,35,51,37,0.16593790992566682,0,0
1477009,147,34,53,25,0.6659379099256668,0,0
1477010,147,39,46,20,1.1659379099256668,0,0
1477011,147,39,55,20,2.165937909925667,1,0
1477012,147,31,51,25,0.6659379099256668,0,0
1477013,147,38,54,25,0.6659379099256668,1,0
1477014,147,37,55,18,3.165937909925667,0,0
1477015,147,35,37,20,1.6659379099256668,0,0
1477016,147,36,51,23,1.1659379099256668,1,0
1477017,147,40,53,20,0.16593790992566682,1,0
1477018,147,36,51,23,3.165937909925667,0,0
1477019,147,27,43,23,0.6659379099256668,0,0
1477020,147,36,48,20,0.16593790992566682,0,0
1477021,147,29,47,25,-0.3340620900743332,0,0
1477022,147,33,46,20,-1.3340620900743332,0,0
1487001,148,42,51,25,0.6659379099256668,1,0
1487002,148,38,47,23,1.1659379099256668,0,0
1487003,148,37,46,43,-0.8340620900743332,1,0
1487004,148,28,45,20,-0.8340620900743332,1,0
1487005,148,34,38,10,-0.3340620900743332,0,0
1487006,148,35,41,20,1.1659379099256668,1,0
1487007,148,31,43,23,0.16593790992566682,1,0
1487008,148,40,44,25,1.6659379099256668,0,0
1487009,148,32,42,23,0.6659379099256668,1,0
1487010,148,39,51,28,5.165937909925667,0,0
1487011,148,31,40,23,-0.3340620900743332,1,0
1487012,148,44,54,20,5.165937909925667,1,0
1487013,148,34,50,28,-0.3340620900743332,0,0
1487015,148,41,55,48,2.165937909925667,1,0
1487016,148,36,47,35,1.6659379099256668,1,0
1487019,148,33,44,28,0.6659379099256668,1,0
1487020,148,38,42,38,1.1659379099256668,0,0
1487021,148,43,56,48,4.665937909925667,1,0
1487022,148,36,33,28,0.16593790992566682,0,0
1487023,148,40,46,20,1.1659379099256668,0,0
1487024,148,37,48,15,0.6659379099256668,0,0
1487025,148,39,32,50,0.6659379099256668,1,0
1487026,148,35,43,33,3.165937909925667,1,0
1487027,148,45,45,30,-0.3340620900743332,1,0
1487028,148,35,45,50,2.665937909925667,1,0
1487029,148,44,53,33,1.6659379099256668,0,0
1487030,148,41,50,35,2.665937909925667,1,0
1487031,148,42,48,33,0.16593790992566682,1,0
1487032,148,31,37,23,1.1659379099256668,1,0
1497001,149,42,51,45,3.165937909925667,1,0
1497002,149,29,40,35,-0.8340620900743332,0,0
1497003,149,39,44,33,0.16593790992566682,0,0
1497004,149,23,38,43,-0.3340620900743332,0,0
1497005,149,33,35,33,-2.834062090074333,1,0
1497006,149,26,23,37,-2.334062090074333,0,0
1497007,149,32,46,33,-0.3340620900743332,0,0
1497008,149,25,38,43,-1.3340620900743332,0,0
1497009,149,35,52,47,-2.334062090074333,1,0
1497010,149,37,45,40,0.16593790992566682,0,0
1497011,149,31,34,20,-2.834062090074333,1,0
1497012,149,42,46,45,1.6659379099256668,1,0
1497013,149,30,41,23,0.16593790992566682,0,0
1497014,149,29,40,33,0.6659379099256668,1,0
1497015,149,41,51,43,3.165937909925667,1,0
1497016,149,37,31,20,-0.3340620900743332,0,0
1497017,149,38,47,30,0.16593790992566682,0,0
1497018,149,39,44,47,2.165937909925667,0,0
1497019,149,35,47,40,1.6659379099256668,0,0
1497020,149,35,48,20,1.6659379099256668,1,0
1497021,149,37,48,45,1.1659379099256668,0,0
1507001,150,25,30,20,-0.3340620900743332,0,0
1507002,150,31,40,50,0.16593790992566682,1,0
1507004,150,37,50,20,0.16593790992566682,0,0
1507005,150,40,54,40,0.6659379099256668,1,0
1507006,150,26,37,30,-2.834062090074333,1,0
1507007,150,37,40,40,1.6659379099256668,0,0
1507008,150,26,34,40,-0.8340620900743332,1,0
1507009,150,28,47,40,-0.3340620900743332,0,0
1507010,150,26,33,40,-2.334062090074333,0,0
1507011,150,35,43,10,0.16593790992566682,1,0
1507012,150,39,53,40,0.6659379099256668,1,0
1507013,150,29,36,20,-1.8340620900743332,0,0
1507014,150,37,49,30,0.6659379099256668,1,0
1507015,150,33,54,50,1.1659379099256668,1,0
1507016,150,34,45,40,0.16593790992566682,1,0
1507017,150,36,41,50,1.6659379099256668,1,0
1507018,150,30,35,20,-1.3340620900743332,1,0
1507019,150,32,34,40,-1.3340620900743332,0,0
1507020,150,23,30,40,-1.3340620900743332,0,0
1507021,150,36,41,50,0.6659379099256668,1,0
1507024,150,29,37,30,-2.334062090074333,1,0
1507025,150,28,46,30,0.6659379099256668,1,0
1507026,150,30,43,30,-0.3340620900743332,0,0
1507027,150,20,30,20,0.16593790992566682,0,0
1507028,150,24,39,10,-0.3340620900743332,0,0
1517002,151,28,40,20,-0.8340620900743332,1,0
1517003,151,28,25,20,-1.8340620900743332,0,0
1517004,151,33,38,30,-0.8340620900743332,1,0
1517005,151,29,34,20,-1.8340620900743332,0,0
1517006,151,22,37,20,0.6659379099256668,0,0
1517007,151,16,33,20,-4.834062090074333,1,0
1517008,151,29,39,20,-1.8340620900743332,0,0
1517010,151,36,34,20,-0.3340620900743332,1,0
1517011,151,41,49,47,0.16593790992566682,0,0
1517012,151,37,46,23,1.1659379099256668,1,0
1517013,151,28,37,47,-2.334062090074333,0,0
1517014,151,32,37,33,-3.334062090074333,0,0
1517015,151,33,43,20,0.6659379099256668,1,0
1517016,151,23,47,20,0.16593790992566682,1,0
1517017,151,27,38,47,-1.3340620900743332,0,0
1517018,151,14,28,17,-1.8340620900743332,0,0
1517019,151,34,42,23,-0.3340620900743332,1,0
1517020,151,33,43,23,-1.3340620900743332,1,0
1517021,151,31,34,20,-4.334062090074333,1,0
1517022,151,29,31,20,-1.8340620900743332,1,0
1517023,151,43,51,40,4.165937909925667,0,0
1517024,151,31,38,23,0.16593790992566682,0,0
1517025,151,28,34,20,-4.334062090074333,1,0
1527001,152,33,49,30,1.6659379099256668,1,0
1527002,152,38,52,50,3.165937909925667,1,0
1527003,152,33,46,40,-0.8340620900743332,0,0
1527004,152,30,40,30,0.16593790992566682,1,0
1527005,152,41,49,37,2.665937909925667,1,0
1527006,152,35,40,47,-0.3340620900743332,0,0
1527007,152,36,49,43,0.16593790992566682,0,0
1527008,152,38,54,40,-0.3340620900743332,1,0
1527009,152,41,51,30,1.1659379099256668,1,0
1527010,152,40,56,43,1.6659379099256668,1,0
1527011,152,38,54,47,0.6659379099256668,1,0
1527012,152,33,52,47,0.6659379099256668,1,0
1527013,152,23,39,30,0.16593790992566682,0,0
1527014,152,29,47,43,-1.8340620900743332,1,0
1527015,152,38,38,47,-0.3340620900743332,0,0
1527016,152,42,52,37,0.16593790992566682,1,0
1527017,152,32,48,43,0.6659379099256668,0,0
1557001,155,28,34,30,-1.8340620900743332,0,0
1557002,155,38,39,33,-0.8340620900743332,0,0
1557003,155,26,40,40,-2.834062090074333,0,0
1557004,155,39,51,40,1.1659379099256668,1,0
1557005,155,42,54,40,1.1659379099256668,1,0
1557006,155,37,51,30,1.6659379099256668,0,0
1557007,155,38,51,25,1.1659379099256668,0,0
1557008,155,44,54,30,1.6659379099256668,0,0
1557009,155,37,49,27,-1.8340620900743332,1,0
1557010,155,33,42,35,0.16593790992566682,1,0
1557011,155,44,55,40,3.165937909925667,1,0
1557012,155,30,42,23,-1.3340620900743332,1,0
1557013,155,34,54,33,0.16593790992566682,1,0
1557014,155,12,29,17,-3.834062090074333,0,0
1557015,155,35,35,50,0.6659379099256668,1,0
1557016,155,34,50,50,2.165937909925667,1,0
1557017,155,31,37,30,0.16593790992566682,0,0
1557018,155,26,40,33,-0.3340620900743332,0,0
1557019,155,40,52,30,-0.8340620900743332,1,0
1557020,155,39,52,37,2.165937909925667,1,0
1557021,155,32,41,33,0.16593790992566682,1,0
1557022,155,44,51,23,3.165937909925667,0,0
1557023,155,32,45,43,-0.3340620900743332,0,0
1557025,155,31,40,37,0.16593790992566682,0,0
1557026,155,29,34,30,-0.8340620900743332,1,0
1557027,155,29,38,40,0.6659379099256668,1,0
1557028,155,38,47,20,-1.3340620900743332,1,0
1557029,155,26,34,20,-0.8340620900743332,0,0
1557030,155,23,23,23,-2.834062090074333,1,0
1557031,155,39,34,40,-3.334062090074333,0,0
1557033,155,40,51,40,0.6659379099256668,0,0
1557034,155,30,47,37,-1.3340620900743332,0,0
1557035,155,34,50,30,1.1659379099256668,1,0
1567001,156,44,47,23,2.165937909925667,1,0
1567002,156,33,38,48,-0.8340620900743332,0,0
1567003,156,34,49,30,-0.3340620900743332,0,0
1567004,156,27,29,28,-1.8340620900743332,0,0
1567005,156,40,38,28,-0.3340620900743332,0,0
1567006,156,42,48,23,2.165937909925667,0,0
1567007,156,31,25,20,0.16593790992566682,0,0
1567008,156,25,31,10,-4.834062090074333,1,0
1567009,156,30,45,18,0.6659379099256668,0,0
1567010,156,23,31,10,-3.834062090074333,0,0
1567011,156,26,40,10,0.16593790992566682,0,0
1567012,156,38,47,20,1.6659379099256668,0,0
1597001,159,39,49,25,0.16593790992566682,1,0
1597002,159,38,50,30,1.1659379099256668,0,0
1597003,159,32,48,37,-0.8340620900743332,0,0
1597004,159,37,41,20,0.6659379099256668,0,0
1597005,159,36,42,35,-1.8340620900743332,0,0
1597006,159,39,54,38,0.6659379099256668,1,0
1597007,159,42,42,35,0.16593790992566682,1,0
1597008,159,27,32,23,-2.334062090074333,1,0
1597009,159,41,51,20,4.665937909925667,0,0
1597010,159,14,34,20,-1.3340620900743332,0,0
1597011,159,37,38,20,2.165937909925667,0,0
1597012,159,33,32,33,-0.8340620900743332,0,0
1597013,159,31,21,30,-1.3340620900743332,0,0
1597014,159,38,46,23,-0.3340620900743332,1,0
1597015,159,36,44,10,0.16593790992566682,0,1
1597017,159,34,43,23,-0.3340620900743332,1,0
1597018,159,38,46,23,-1.8340620900743332,1,0
1597019,159,47,57,40,2.165937909925667,1,0
1597020,159,43,44,40,0.16593790992566682,1,0
1597021,159,38,50,45,-0.8340620900743332,0,0
1597022,159,39,43,25,2.165937909925667,0,0
1597024,159,36,39,20,0.6659379099256668,0,0
1597025,159,42,52,30,1.6659379099256668,1,0
1597026,159,34,38,30,1.1659379099256668,1,0
1597027,159,44,51,23,0.6659379099256668,1,0
1597028,159,31,43,20,0.6659379099256668,1,0
1597029,159,32,40,20,-0.8340620900743332,1,0
1597030,159,33,42,20,-0.3340620900743332,0,0
1597031,159,32,38,30,-0.8340620900743332,0,0
1597033,159,44,54,33,3.165937909925667,1,0
1597034,159,45,51,20,5.665937909925667,0,0
1607001,160,39,50,50,2.665937909925667,1,0
1607003,160,31,45,45,0.6659379099256668,0,0
1607004,160,28,43,10,0.6659379099256668,1,1
1607005,160,44,51,20,0.16593790992566682,1,0
1607006,160,34,44,10,-2.334062090074333,1,1
1607007,160,25,23,10,-6.834062090074333,0,1
1607008,160,29,40,45,0.16593790992566682,0,0
1607009,160,36,34,10,-3.834062090074333,1,1
1607010,160,17,20,10,-4.334062090074333,1,1
1607012,160,34,44,50,0.16593790992566682,0,0
1607013,160,44,52,35,3.165937909925667,1,0
1607014,160,30,40,35,0.16593790992566682,1,0
1607015,160,39,33,10,-2.334062090074333,1,1
1607016,160,36,47,50,0.16593790992566682,1,0
1607017,160,38,52,40,1.1659379099256668,1,0
1607019,160,44,50,40,5.665937909925667,0,0
1607021,160,31,30,50,-2.334062090074333,1,0
1607022,160,37,50,25,0.6659379099256668,0,0
1607023,160,40,44,35,0.6659379099256668,0,0
1607024,160,47,52,37,1.6659379099256668,0,0
1607025,160,36,53,40,-0.3340620900743332,0,0
1607026,160,26,42,35,0.16593790992566682,1,0
1607027,160,41,54,50,2.665937909925667,1,0
1617001,161,34,51,20,-0.8340620900743332,1,0
1617002,161,38,45,20,-3.834062090074333,0,0
1617003,161,44,52,47,3.165937909925667,0,0
1617004,161,43,51,37,1.6659379099256668,1,0
1617005,161,39,50,20,2.165937909925667,1,1
1617006,161,32,44,48,-0.3340620900743332,0,0
1617007,161,27,28,20,-1.3340620900743332,0,0
1617008,161,25,43,17,-0.3340620900743332,0,0
1617009,161,43,50,27,-0.3340620900743332,1,0
1617010,161,30,41,18,1.6659379099256668,1,1
1617011,161,42,51,37,1.6659379099256668,0,0
1617013,161,35,53,17,-0.8340620900743332,1,0
1617014,161,34,35,38,-0.3340620900743332,1,0
1617015,161,39,50,37,0.16593790992566682,1,0
1617016,161,42,41,37,1.1659379099256668,0,0
1617017,161,44,55,40,0.16593790992566682,1,0
1617018,161,28,37,40,-1.3340620900743332,0,0
1617019,161,36,44,30,1.1659379099256668,0,0
1617020,161,42,52,43,0.6659379099256668,1,0
1617021,161,40,49,43,3.165937909925667,0,0
1617022,161,44,48,23,1.6659379099256668,1,0
1617023,161,37,52,50,0.6659379099256668,0,0
1617024,161,37,43,20,0.16593790992566682,0,0
1617025,161,41,54,23,-0.3340620900743332,0,0
1617026,161,31,39,33,-0.3340620900743332,1,0
1617027,161,26,24,27,-0.3340620900743332,1,0
1617028,161,40,50,30,1.6659379099256668,0,0
1617030,161,37,47,30,-3.834062090074333,1,0
1617032,161,37,48,43,1.6659379099256668,1,0
1617033,161,33,40,20,-0.8340620900743332,0,0
1617035,161,48,58,43,5.165937909925667,0,0
1647001,164,40,48,30,1.6659379099256668,0,0
1647002,164,33,40,18,0.16593790992566682,0,0
1647003,164,38,35,28,-0.8340620900743332,1,0
1647004,164,30,42,20,0.16593790992566682,0,0
1647005,164,31,44,20,-2.834062090074333,1,0
1647006,164,24,31,18,-4.334062090074333,0,0
1647007,164,31,35,18,-0.8340620900743332,0,0
1647008,164,35,37,15,0.6659379099256668,0,0
1647009,164,31,40,23,0.16593790992566682,1,0
1647010,164,38,50,23,0.6659379099256668,0,0
1647011,164,44,55,33,1.1659379099256668,0,0
1647012,164,43,50,23,2.165937909925667,0,0
1647013,164,34,39,15,0.16593790992566682,0,0
1647015,164,39,43,23,-0.8340620900743332,1,0
1647016,164,33,43,20,-3.334062090074333,1,0
1647017,164,43,50,25,0.16593790992566682,0,0
1647018,164,36,45,23,1.6659379099256668,0,0
1647019,164,46,53,23,0.16593790992566682,0,0
1647020,164,36,40,20,-0.3340620900743332,0,0
1647021,164,45,48,20,0.16593790992566682,0,0
1647022,164,41,51,23,0.6659379099256668,0,0
1647023,164,34,37,18,-0.8340620900743332,1,0
1647024,164,42,47,23,-0.3340620900743332,1,0
1647025,164,42,54,25,2.165937909925667,0,0
1677001,167,26,26,45,-1.3340620900743332,0,0
1677002,167,40,48,40,1.1659379099256668,1,0
1677003,167,38,42,35,-2.834062090074333,1,0
1677004,167,38,41,47,-1.8340620900743332,1,0
1677005,167,33,41,35,-3.834062090074333,1,0
1677006,167,41,55,20,2.665937909925667,1,0
1677008,167,38,52,50,1.1659379099256668,1,0
1677009,167,42,53,50,-0.3340620900743332,0,0
1677010,167,37,47,35,-0.3340620900743332,0,0
1677011,167,28,39,35,-3.334062090074333,1,0
1677012,167,26,41,35,-2.334062090074333,0,0
1677014,167,28,42,40,0.6659379099256668,0,0
1677015,167,41,57,40,4.665937909925667,1,0
1677017,167,26,39,50,0.16593790992566682,1,0
1677018,167,29,34,20,-1.3340620900743332,0,0
1677019,167,31,39,20,0.16593790992566682,0,0
1677020,167,33,37,35,-7.834062090074333,0,0
1677021,167,35,40,40,-1.3340620900743332,0,0
1677022,167,30,42,20,-0.8340620900743332,0,0
1677023,167,26,46,40,-0.3340620900743332,0,0
1677024,167,35,50,40,1.1659379099256668,0,0
1677025,167,25,27,20,-1.3340620900743332,0,0
1677026,167,36,49,25,1.1659379099256668,1,0
1677027,167,32,43,35,-0.3340620900743332,0,0
1677028,167,22,25,40,-1.3340620900743332,1,0
1707001,170,44,51,18,0.16593790992566682,0,0
1707002,170,32,41,18,-0.3340620900743332,1,0
1707003,170,30,37,15,-1.8340620900743332,1,0
1707004,170,36,34,18,-1.3340620900743332,1,0
1707005,170,32,34,15,-1.3340620900743332,1,0
1707006,170,36,51,15,-0.8340620900743332,1,0
1707007,170,40,53,18,1.6659379099256668,0,0
1707008,170,45,57,50,1.6659379099256668,1,0
1707009,170,36,49,15,0.16593790992566682,0,0
1707010,170,24,21,10,-4.834062090074333,0,0
1707011,170,31,27,15,-1.8340620900743332,0,0
1707012,170,33,39,47,0.6659379099256668,1,0
1707013,170,42,50,15,2.665937909925667,1,0
1707014,170,36,38,15,-1.8340620900743332,0,0
1707015,170,43,42,15,0.16593790992566682,1,0
1707016,170,42,54,18,2.665937909925667,1,0
1707017,170,32,37,18,0.16593790992566682,0,0
1707018,170,34,40,18,0.16593790992566682,0,0
1707019,170,36,51,43,2.165937909925667,1,0
1707020,170,25,25,13,-3.334062090074333,0,0
1707021,170,30,25,18,-2.834062090074333,0,0
1707022,170,41,47,20,-0.3340620900743332,1,0
1707023,170,24,25,18,-4.334062090074333,1,0
1707024,170,33,52,28,-0.8340620900743332,1,0
1707025,170,42,50,18,0.16593790992566682,1,0
1707027,170,40,47,15,0.16593790992566682,0,0
1757001,175,43,56,40,4.165937909925667,0,0
1757003,175,46,53,45,4.165937909925667,1,0
1757004,175,28,37,30,-1.3340620900743332,0,0
1757005,175,43,53,30,1.1659379099256668,0,1
1757006,175,26,42,23,-0.8340620900743332,0,0
1757007,175,34,42,33,0.6659379099256668,0,0
1757008,175,40,45,33,3.165937909925667,0,0
1757009,175,42,54,45,3.665937909925667,0,0
1757010,175,27,23,17,-1.8340620900743332,0,0
1757011,175,36,48,37,-0.8340620900743332,0,0
1757012,175,41,54,50,0.6659379099256668,1,0
1757013,175,38,47,23,0.16593790992566682,0,0
1757014,175,37,46,50,0.16593790992566682,0,0
1757015,175,44,38,50,2.665937909925667,1,0
1767001,176,22,26,10,-4.834062090074333,0,0
1767002,176,43,53,23,0.6659379099256668,1,0
1767003,176,27,51,20,-0.3340620900743332,0,0
1767004,176,42,55,30,2.165937909925667,0,0
1767005,176,19,33,25,-0.8340620900743332,0,0
1767006,176,32,51,43,-0.8340620900743332,1,0
1767007,176,37,47,30,0.6659379099256668,0,0
1767008,176,36,52,40,4.165937909925667,1,0
1767009,176,28,37,18,-0.8340620900743332,0,0
1767010,176,38,51,27,0.6659379099256668,1,0
1767011,176,33,41,20,-3.834062090074333,0,0
1767012,176,35,53,28,-1.3340620900743332,0,0
1767013,176,29,35,18,-0.8340620900743332,1,0
1767014,176,42,49,38,-0.3340620900743332,1,0
1767015,176,39,43,30,2.665937909925667,0,0
1767016,176,47,55,18,1.1659379099256668,0,0
1767017,176,44,54,20,4.165937909925667,1,0
1767018,176,47,55,25,1.6659379099256668,1,0
1767019,176,34,55,23,1.6659379099256668,1,0
1767020,176,42,55,20,2.665937909925667,0,0
1767021,176,23,31,28,-3.334062090074333,0,0
1767022,176,22,36,18,-3.334062090074333,1,0
1767023,176,42,57,40,2.665937909925667,0,0
1777001,177,34,41,33,-1.3340620900743332,0,0
1777002,177,35,49,35,-0.3340620900743332,0,0
1777003,177,34,42,30,-2.334062090074333,0,0
1777004,177,33,37,18,-1.3340620900743332,0,0
1777005,177,31,33,33,0.16593790992566682,0,0
1777006,177,35,44,20,-0.3340620900743332,0,0
1777007,177,42,43,18,2.165937909925667,0,0
1777009,177,33,39,18,-0.3340620900743332,0,0
1777010,177,29,34,18,0.16593790992566682,0,0
1777011,177,36,45,15,-0.3340620900743332,0,0
1777012,177,40,46,33,1.6659379099256668,0,0
1777013,177,33,34,18,-0.8340620900743332,1,0
1777014,177,35,46,20,-0.3340620900743332,1,0
1777015,177,26,27,17,-2.334062090074333,1,0
1777016,177,42,48,20,0.16593790992566682,1,0
1777017,177,39,39,30,1.6659379099256668,1,0
1777018,177,33,44,20,1.1659379099256668,1,0
1797005,179,29,34,20,1.1659379099256668,0,0
1797006,179,33,45,17,0.16593790992566682,0,0
1797007,179,29,29,20,0.16593790992566682,0,0
1797008,179,32,19,10,-2.334062090074333,0,1
1797009,179,28,24,10,-1.8340620900743332,1,1
1797010,179,33,30,10,-0.8340620900743332,1,0
1827001,182,26,29,10,-5.334062090074333,0,1
1827002,182,20,24,10,-5.334062090074333,0,1
1827003,182,31,41,10,-0.3340620900743332,0,1
1827005,182,42,46,10,-0.8340620900743332,0,1
1827007,182,30,37,10,0.16593790992566682,1,0
1827008,182,30,34,10,-1.3340620900743332,0,1
1827010,182,26,30,10,-3.334062090074333,0,1
1827011,182,23,35,10,-3.334062090074333,0,1
1827012,182,27,38,10,-3.834062090074333,1,1
1837001,183,40,40,23,0.16593790992566682,1,0
1837002,183,36,39,43,-1.3340620900743332,0,0
1837003,183,37,45,25,-0.8340620900743332,1,0
1837004,183,37,45,20,0.16593790992566682,1,0
1837005,183,39,44,25,-0.3340620900743332,1,0
1837006,183,46,46,23,-0.8340620900743332,0,0
1837007,183,40,48,30,0.16593790992566682,0,0
1837008,183,39,47,23,0.6659379099256668,1,0
1837009,183,35,27,25,-0.3340620900743332,1,0
1837010,183,43,43,50,0.16593790992566682,1,0
1837011,183,24,26,15,-0.8340620900743332,0,1
1837012,183,26,31,18,-2.834062090074333,0,0
1837013,183,35,34,20,0.6659379099256668,0,0
1837014,183,25,32,15,-0.3340620900743332,1,0
1837015,183,39,47,33,0.6659379099256668,0,0
1837016,183,37,49,37,-0.8340620900743332,0,0
1837017,183,43,40,37,2.165937909925667,0,0
1837018,183,41,41,43,1.1659379099256668,0,0
1837019,183,41,53,40,1.6659379099256668,0,0
1837020,183,25,52,23,0.16593790992566682,0,0
1837022,183,39,47,20,-0.3340620900743332,1,0
1837023,183,40,34,23,3.165937909925667,0,0
1837024,183,20,27,20,-1.3340620900743332,0,0
1837025,183,33,41,28,-1.3340620900743332,0,0
1837026,183,41,41,43,-0.3340620900743332,1,0
1837028,183,35,44,40,0.16593790992566682,0,0
1837029,183,32,37,15,0.16593790992566682,0,0
1837030,183,35,36,25,-0.8340620900743332,1,0
1837031,183,39,49,33,0.6659379099256668,1,0
1837032,183,35,41,18,-1.8340620900743332,1,0
1837033,183,12,17,10,-5.834062090074333,0,1
1847001,184,29,41,10,-0.8340620900743332,1,0
1847002,184,44,51,23,6.165937909925667,0,0
1847003,184,38,31,20,2.665937909925667,1,0
1847004,184,31,41,40,-1.8340620900743332,1,0
1847005,184,28,37,20,0.16593790992566682,0,0
1847006,184,41,48,43,-0.8340620900743332,1,0
1847007,184,39,47,50,-1.3340620900743332,1,0
1847008,184,27,32,37,-0.8340620900743332,1,0
1847009,184,42,48,47,1.1659379099256668,0,0
1847010,184,28,40,43,-0.3340620900743332,0,0
1847011,184,31,47,50,0.6659379099256668,0,0
1847012,184,46,54,50,3.665937909925667,1,0
1847013,184,38,43,17,-0.8340620900743332,0,0
1847014,184,37,37,30,0.16593790992566682,1,0
1847015,184,30,41,43,1.1659379099256668,0,0
1847016,184,41,49,20,1.1659379099256668,1,0
1847017,184,33,42,27,0.16593790992566682,0,0
1847018,184,28,32,17,0.16593790992566682,1,0
1847019,184,35,40,37,0.6659379099256668,0,0
1847020,184,24,36,25,1.1659379099256668,0,1
1847021,184,44,53,40,2.665937909925667,1,0
1847022,184,31,23,13,-0.3340620900743332,0,0
1847024,184,26,42,33,0.6659379099256668,0,0
1847025,184,34,38,23,-0.3340620900743332,1,0
1847026,184,36,43,37,5.165937909925667,0,1
1847027,184,42,51,47,1.1659379099256668,0,0
1847028,184,30,41,10,-2.334062090074333,1,0
1847029,184,26,52,47,-0.8340620900743332,1,0
1887001,188,38,50,17,1.6659379099256668,1,0
1887002,188,28,26,23,-3.334062090074333,0,0
1887003,188,33,36,23,-1.3340620900743332,1,0
1887004,188,17,20,23,-1.3340620900743332,0,0
1887005,188,32,46,40,-0.8340620900743332,0,0
1887006,188,29,39,30,-1.3340620900743332,0,0
1887007,188,26,34,40,-1.3340620900743332,1,1
1887008,188,34,33,18,-1.3340620900743332,1,0
1887009,188,36,44,18,-0.3340620900743332,0,0
1887010,188,24,42,18,-0.3340620900743332,1,0
1887011,188,36,48,30,0.16593790992566682,0,1
1887012,188,27,25,18,-0.3340620900743332,1,0
1897102,189,41,44,15,2.665937909925667,1,0
1897103,189,42,48,17,-1.3340620900743332,1,0
1897105,189,33,46,40,0.16593790992566682,0,0
1897106,189,33,49,27,3.165937909925667,0,0
1897107,189,32,43,20,-4.834062090074333,1,0
1897108,189,30,39,20,1.1659379099256668,0,0
1897110,189,22,35,20,-2.834062090074333,0,0
1897111,189,27,31,15,-2.834062090074333,0,0
1897112,189,32,40,10,-0.8340620900743332,0,0
1897113,189,42,53,20,0.6659379099256668,1,0
1897201,189,36,44,30,1.1659379099256668,1,0
1897202,189,44,52,40,1.1659379099256668,1,0
1897203,189,34,33,30,-0.8340620900743332,0,0
1897204,189,43,49,48,0.16593790992566682,1,1
1897205,189,32,40,35,-0.8340620900743332,1,0
1897206,189,42,48,33,3.165937909925667,0,0
1897207,189,21,17,15,-4.834062090074333,0,0
1927001,192,24,29,35,-2.334062090074333,0,0
1927002,192,27,44,30,0.6659379099256668,1,0
1927003,192,20,29,33,-1.8340620900743332,0,0
1927005,192,11,24,15,-1.3340620900743332,0,0
1927006,192,36,41,35,-1.8340620900743332,0,0
1927007,192,33,36,15,-1.8340620900743332,1,0
1927008,192,29,30,18,-0.8340620900743332,0,0
1927009,192,31,34,18,0.6659379099256668,0,0
1937001,193,43,50,27,0.6659379099256668,0,0
1937002,193,43,52,35,-1.3340620900743332,0,0
1937003,193,45,51,20,3.165937909925667,0,0
1937004,193,34,44,30,-0.3340620900743332,0,0
1937005,193,43,55,45,3.165937909925667,0,0
1937006,193,42,50,27,2.165937909925667,1,0
1937009,193,31,44,23,-0.8340620900743332,1,0
1937010,193,35,49,15,0.6659379099256668,1,0
1937011,193,45,54,20,2.165937909925667,1,0
1937012,193,26,32,18,-0.3340620900743332,1,0
1937014,193,39,52,20,1.1659379099256668,1,0
1937015,193,38,48,20,-0.3340620900743332,1,0
1957101,195,31,37,37,-1.3340620900743332,1,0
1957102,195,38,45,47,1.6659379099256668,1,0
1957103,195,24,23,17,-0.8340620900743332,0,0
1957104,195,35,49,15,3.665937909925667,0,0
1957106,195,44,56,35,3.665937909925667,1,0
1957107,195,40,43,20,1.1659379099256668,0,0
1957109,195,35,44,40,-0.3340620900743332,1,0
1957110,195,35,45,15,-0.8340620900743332,1,0
1957111,195,28,33,35,-1.8340620900743332,0,0
1957112,195,27,30,15,-0.8340620900743332,0,0
1957113,195,32,38,15,0.16593790992566682,0,0
1957114,195,32,35,15,-1.3340620900743332,0,0
1957201,195,35,43,15,0.16593790992566682,0,0
1957202,195,29,38,15,1.1659379099256668,0,0
1957203,195,40,37,18,0.6659379099256668,1,0
1957204,195,36,34,25,-0.3340620900743332,0,0
1957205,195,32,44,20,-1.8340620900743332,0,0
1957206,195,37,42,18,-0.8340620900743332,1,0
1957207,195,40,46,18,0.16593790992566682,1,0
1957208,195,40,47,18,1.1659379099256668,1,0
1967001,196,32,40,23,-1.3340620900743332,1,0
1967002,196,33,42,23,1.1659379099256668,0,0
1967003,196,32,45,23,3.165937909925667,1,0
1967004,196,34,35,20,0.6659379099256668,0,0
1967005,196,33,39,23,0.16593790992566682,1,0
1967006,196,29,46,23,0.16593790992566682,0,0
1967007,196,33,46,25,0.6659379099256668,1,0
1967008,196,36,49,27,0.16593790992566682,1,0
1967009,196,31,32,20,-0.8340620900743332,0,0
1967010,196,31,40,23,0.16593790992566682,0,0
1967011,196,31,43,45,-1.3340620900743332,1,0
1967012,196,38,50,40,4.165937909925667,0,0
1967013,196,32,55,30,3.165937909925667,1,0
1967014,196,36,47,40,-4.334062090074333,1,0
1967015,196,21,36,20,1.1659379099256668,0,0
1967016,196,29,44,37,-0.3340620900743332,0,0
1967017,196,43,50,23,3.665937909925667,1,0
1967018,196,28,40,28,0.16593790992566682,0,0
1967019,196,37,50,30,0.6659379099256668,0,0
1967020,196,32,52,47,1.6659379099256668,1,0
1967021,196,45,55,50,3.665937909925667,1,0
1967022,196,27,30,23,-2.334062090074333,1,0
1967023,196,20,26,18,-4.334062090074333,1,0
1967024,196,38,45,23,2.165937909925667,0,0
1967025,196,33,35,18,-1.3340620900743332,0,0
1967026,196,27,37,40,-1.3340620900743332,1,0
1967027,196,33,45,40,0.6659379099256668,1,0
1977001,197,36,43,27,2.165937909925667,1,0
1977002,197,38,50,23,1.6659379099256668,1,0
1977003,197,28,46,30,0.6659379099256668,1,0
1977004,197,44,50,27,3.165937909925667,1,0
1977005,197,40,53,30,1.6659379099256668,1,0
1977006,197,38,53,30,2.665937909925667,1,0
1977007,197,29,37,23,-1.3340620900743332,1,0
1977008,197,39,46,27,0.16593790992566682,1,0
1977009,197,28,45,33,-0.3340620900743332,0,0
1977010,197,43,51,30,3.665937909925667,0,0
1977011,197,36,37,27,-0.3340620900743332,0,0
1977012,197,39,49,23,2.665937909925667,0,0
1977013,197,32,46,23,3.165937909925667,0,0
1977014,197,32,37,20,1.1659379099256668,0,0
1977015,197,33,37,20,0.16593790992566682,0,0
1977016,197,18,23,23,1.1659379099256668,0,0
1977017,197,43,47,30,1.6659379099256668,0,0
1977018,197,43,49,30,0.6659379099256668,0,0
1977019,197,45,51,40,6.165937909925667,0,0
1977020,197,43,56,27,4.665937909925667,0,0
1987001,198,32,30,23,-0.3340620900743332,1,0
1987002,198,34,28,10,-0.8340620900743332,1,0
1987004,198,39,45,30,1.6659379099256668,1,0
1987005,198,32,31,17,-2.334062090074333,1,0
1987008,198,19,29,10,-3.334062090074333,0,1
1987009,198,46,49,25,2.165937909925667,0,0
1987010,198,40,43,25,-1.3340620900743332,1,0
1997101,199,40,49,40,2.665937909925667,1,0
1997102,199,39,40,40,0.6659379099256668,1,0
1997104,199,31,39,45,1.1659379099256668,0,1
1997105,199,29,33,17,1.1659379099256668,0,0
1997109,199,25,30,40,1.6659379099256668,0,0
1997110,199,31,31,20,-1.3340620900743332,1,0
1997111,199,35,37,30,-2.834062090074333,1,0
1997112,199,41,53,27,2.165937909925667,1,0
1997113,199,38,42,20,3.165937909925667,1,0
1997114,199,35,31,20,-0.3340620900743332,1,0
1997115,199,31,35,20,-1.8340620900743332,0,0
1997116,199,24,22,20,-2.834062090074333,0,0
1997117,199,33,28,10,-2.334062090074333,0,1
1997201,199,26,33,10,-3.334062090074333,1,1
1997202,199,28,21,10,-1.8340620900743332,1,0
1997203,199,29,24,23,-3.834062090074333,1,0
1997204,199,27,22,10,-4.834062090074333,0,0
1997205,199,39,46,15,-0.3340620900743332,1,1
1997206,199,26,25,10,-0.8340620900743332,0,0
1997207,199,32,27,10,-3.334062090074333,1,1
1997208,199,31,43,15,1.6659379099256668,1,0
1997209,199,39,36,15,-0.8340620900743332,0,0
1997210,199,29,26,10,-1.8340620900743332,0,1
1997211,199,36,46,10,0.6659379099256668,1,0
1997212,199,31,46,10,0.16593790992566682,1,0
1997213,199,36,44,10,2.665937909925667,1,0
1997215,199,27,32,15,-1.3340620900743332,0,0
1997216,199,35,35,20,1.6659379099256668,0,0
1997217,199,26,26,10,-2.834062090074333,0,0
1997218,199,41,34,10,0.16593790992566682,1,0
2047001,204,41,45,40,0.16593790992566682,1,0
2047002,204,37,47,40,1.1659379099256668,1,0
2047004,204,34,45,20,0.6659379099256668,1,0
2047005,204,36,32,38,-1.8340620900743332,0,0
2047006,204,32,32,50,-0.8340620900743332,0,0
2047007,204,45,47,30,1.1659379099256668,1,0
2047008,204,25,28,40,-1.8340620900743332,0,0
2047009,204,37,46,45,2.165937909925667,0,0
2047010,204,28,37,37,1.1659379099256668,1,0
2047012,204,37,40,43,0.6659379099256668,0,0
2047013,204,42,42,40,1.6659379099256668,0,0
2047014,204,41,53,43,-2.334062090074333,1,0
2047015,204,26,22,37,-0.8340620900743332,0,0
2047017,204,30,21,20,-3.334062090074333,1,0
2047018,204,32,37,37,-1.3340620900743332,0,0
2047019,204,26,42,38,-0.8340620900743332,1,0
2047020,204,29,42,47,-3.334062090074333,1,0
2047021,204,32,35,37,-3.334062090074333,0,0
2047022,204,40,51,40,0.6659379099256668,1,0
2047023,204,31,46,37,-1.3340620900743332,1,0
2047024,204,31,31,37,-1.3340620900743332,0,0
2047025,204,26,40,27,-1.8340620900743332,1,0
2047026,204,37,52,33,-0.8340620900743332,1,0
2047027,204,36,47,47,2.165937909925667,1,0
2067001,206,36,39,18,0.6659379099256668,0,0
2067002,206,40,39,20,0.16593790992566682,1,0
2067003,206,45,52,35,2.165937909925667,0,0
2067004,206,33,48,23,0.16593790992566682,1,0
2067005,206,35,40,18,1.1659379099256668,0,0
2067006,206,30,47,28,0.6659379099256668,0,0
2067007,206,30,45,20,-0.3340620900743332,0,0
2067008,206,42,56,25,2.665937909925667,1,0
2067009,206,35,51,20,1.6659379099256668,1,0
2067010,206,35,47,20,0.6659379099256668,0,0
2067011,206,33,38,18,0.6659379099256668,0,0
2097001,209,26,36,30,-0.8340620900743332,1,0
2097002,209,29,26,10,-1.3340620900743332,0,0
2097003,209,35,37,17,-0.8340620900743332,0,0
2097004,209,31,48,10,0.16593790992566682,1,0
2097005,209,22,33,13,-1.3340620900743332,0,0
2097006,209,32,43,27,-0.3340620900743332,1,0
2097007,209,42,52,13,2.665937909925667,1,0
2097008,209,35,42,20,1.1659379099256668,0,0
2097009,209,35,53,17,1.1659379099256668,1,0
2097010,209,32,47,20,-0.8340620900743332,1,0
2097011,209,45,55,23,3.165937909925667,1,0
2097012,209,28,39,10,-2.334062090074333,0,0
2097013,209,28,33,20,1.1659379099256668,1,0
2097014,209,33,46,43,0.6659379099256668,1,0
2097015,209,36,45,50,0.6659379099256668,1,0
2097016,209,39,49,10,-0.8340620900743332,1,0
2097017,209,35,48,23,0.6659379099256668,0,0
2097018,209,44,47,33,0.6659379099256668,0,0
2097019,209,41,40,20,1.1659379099256668,0,0
2097021,209,37,39,47,1.6659379099256668,0,0
2097022,209,38,47,10,-0.3340620900743332,1,0
2097023,209,15,41,10,-0.3340620900743332,1,0
2097024,209,29,41,10,-0.3340620900743332,1,0
2107001,210,39,45,35,1.6659379099256668,0,0
2107003,210,29,40,40,-0.3340620900743332,1,0
2107004,210,36,55,35,0.6659379099256668,1,0
2107005,210,37,50,43,3.665937909925667,0,0
2107006,210,40,53,48,0.16593790992566682,1,0
2107007,210,43,52,48,3.665937909925667,1,0
2107008,210,28,29,30,-2.834062090074333,0,0
2107009,210,38,46,35,1.6659379099256668,0,0
2107010,210,24,27,40,0.16593790992566682,0,0
2107011,210,27,33,30,1.1659379099256668,1,0
2107012,210,35,31,43,0.16593790992566682,0,0
2107013,210,36,47,38,1.6659379099256668,0,0
2107014,210,48,56,35,2.665937909925667,0,0
2107015,210,26,28,28,-2.834062090074333,0,0
2107016,210,34,44,35,2.665937909925667,1,0
2107017,210,34,40,30,2.665937909925667,1,0
2127001,212,29,34,25,-2.834062090074333,1,0
2127002,212,28,32,18,0.6659379099256668,0,0
2127003,212,26,28,20,-3.334062090074333,0,0
2127005,212,33,49,33,1.1659379099256668,1,0
2127006,212,37,42,18,1.1659379099256668,1,0
2127007,212,35,50,23,-0.8340620900743332,1,0
2127008,212,35,46,15,1.1659379099256668,0,0
2127009,212,44,51,23,3.165937909925667,1,0
2127010,212,39,42,18,0.6659379099256668,1,0
2127011,212,34,42,18,2.665937909925667,1,0
2127012,212,26,40,18,-3.334062090074333,0,0
2127013,212,29,46,27,4.665937909925667,0,0
2127014,212,34,35,18,-1.8340620900743332,0,0
2127015,212,38,42,17,2.165937909925667,0,0
2127016,212,35,52,15,1.6659379099256668,1,0
2127019,212,32,47,25,-0.3340620900743332,0,0
2127020,212,36,47,23,-0.3340620900743332,1,0
2127021,212,21,33,18,-6.334062090074333,0,0
2127022,212,37,43,25,0.6659379099256668,0,0
2127023,212,40,46,17,1.1659379099256668,1,0
2127024,212,32,49,18,1.6659379099256668,1,0
2127025,212,26,26,18,-0.8340620900743332,0,0
2127026,212,36,35,18,0.16593790992566682,1,0
2127027,212,28,45,18,-0.3340620900743332,1,0
2127028,212,32,49,28,0.16593790992566682,1,0
2147001,214,16,21,15,-1.8340620900743332,0,0
2147002,214,32,33,20,-2.834062090074333,0,0
2147003,214,26,33,10,-4.834062090074333,0,1
2147004,214,24,21,20,-1.8340620900743332,0,0
2147005,214,31,34,20,-0.3340620900743332,0,0
2147006,214,24,31,20,-3.834062090074333,0,0
2147007,214,27,27,20,-1.3340620900743332,0,0
2147009,214,35,32,20,0.16593790992566682,0,0
2147010,214,27,41,47,0.16593790992566682,0,0
2147011,214,23,22,20,-4.834062090074333,0,1
2147012,214,38,34,15,2.165937909925667,0,0
2147013,214,18,22,20,-5.834062090074333,0,1
2147015,214,44,52,40,5.165937909925667,0,0
2147017,214,23,23,20,-4.834062090074333,0,0
2147018,214,29,35,37,-0.3340620900743332,1,0
2147019,214,33,35,15,-2.834062090074333,1,1
2147020,214,31,26,15,-1.8340620900743332,1,0
2147021,214,36,40,20,1.6659379099256668,1,0
2147022,214,39,49,43,3.665937909925667,1,0
2147023,214,32,36,17,-4.334062090074333,1,0
2147024,214,34,36,30,0.6659379099256668,1,0
2157001,215,41,42,17,-1.3340620900743332,0,0
2157002,215,29,32,10,-2.834062090074333,1,0
2157003,215,24,37,27,-0.8340620900743332,0,0
2157004,215,36,46,50,2.665937909925667,0,0
2157005,215,30,35,23,-1.8340620900743332,0,0
2157006,215,41,51,20,-0.3340620900743332,1,0
2157007,215,38,47,20,3.665937909925667,1,0
2157009,215,37,47,20,-0.3340620900743332,0,0
2157010,215,44,44,20,2.165937909925667,1,0
2157011,215,44,49,33,-0.3340620900743332,0,0
2157012,215,35,37,20,-2.834062090074333,1,0
2157013,215,22,35,20,-0.3340620900743332,0,0
2167001,216,34,33,18,-0.3340620900743332,0,0
2167002,216,34,37,20,2.665937909925667,0,0
2167003,216,41,53,20,0.16593790992566682,0,0
2167004,216,43,51,38,1.6659379099256668,0,0
2167005,216,43,53,28,2.165937909925667,0,0
2167006,216,37,36,23,-1.8340620900743332,0,0
2167007,216,34,43,25,0.16593790992566682,1,0
2177002,217,44,52,20,2.165937909925667,1,0
2177003,217,31,36,27,-0.8340620900743332,0,0
2177004,217,38,50,40,1.1659379099256668,0,0
2177005,217,40,48,27,1.1659379099256668,0,0
2177006,217,36,49,20,1.1659379099256668,0,0
2177007,217,29,43,17,0.16593790992566682,0,0
2177008,217,34,38,20,0.6659379099256668,0,0
2177009,217,31,39,20,0.16593790992566682,0,0
2187001,218,38,44,35,1.6659379099256668,1,1
2187002,218,25,41,28,-3.334062090074333,0,1
2187003,218,42,52,35,3.165937909925667,1,1
2187004,218,43,55,28,3.665937909925667,0,1
2187005,218,46,49,33,4.165937909925667,1,1
2187007,218,45,55,50,2.165937909925667,1,1
2187009,218,38,42,40,4.165937909925667,1,1
2187010,218,38,43,43,2.165937909925667,0,1
2187011,218,29,39,33,-0.8340620900743332,0,1
2187012,218,31,41,33,-4.334062090074333,0,1
2187013,218,41,56,40,2.665937909925667,0,1
2187015,218,37,41,28,-1.3340620900743332,0,1
2187016,218,43,49,50,3.165937909925667,1,0
2187017,218,35,44,20,-1.3340620900743332,1,0
2187019,218,40,48,50,1.6659379099256668,1,1
2187020,218,30,42,23,-0.3340620900743332,1,1
2187021,218,27,48,40,-1.3340620900743332,0,1
2187022,218,37,53,35,3.165937909925667,1,1
2187023,218,44,54,35,1.1659379099256668,1,1
2187024,218,41,53,33,0.6659379099256668,1,1
2187025,218,40,44,23,1.6659379099256668,1,1
2187027,218,41,44,23,0.6659379099256668,0,1
2187028,218,44,44,33,-6.334062090074333,0,1
2187029,218,43,54,50,5.665937909925667,0,1
2197001,219,34,36,15,-2.334062090074333,0,0
2197002,219,38,50,28,2.665937909925667,0,0
2197003,219,35,43,18,2.165937909925667,0,0
2197004,219,40,46,15,1.6659379099256668,0,0
2197005,219,36,51,23,-1.8340620900743332,0,0
2197006,219,34,46,10,0.6659379099256668,0,0
2197007,219,40,43,15,-1.3340620900743332,0,0
2197008,219,33,43,18,-1.3340620900743332,0,0
2197009,219,42,53,25,-1.8340620900743332,1,0
2197010,219,41,40,35,-1.8340620900743332,1,0
2197011,219,30,35,18,0.16593790992566682,1,0
2197012,219,33,46,15,-0.3340620900743332,1,0
2197013,219,39,51,20,0.6659379099256668,1,0
2197014,219,36,43,18,0.16593790992566682,0,0
2227001,222,23,28,40,-0.3340620900743332,1,0
2227002,222,30,40,20,-3.334062090074333,1,0
2227004,222,27,40,20,-0.3340620900743332,0,0
2227005,222,19,24,17,-1.3340620900743332,1,0
2227006,222,22,22,27,-4.834062090074333,1,0
2227007,222,26,33,23,0.16593790992566682,1,0
2227008,222,31,37,20,-0.3340620900743332,0,0
2227009,222,29,33,45,-3.834062090074333,0,0
2227010,222,37,53,40,0.6659379099256668,1,0
2227011,222,29,37,30,0.16593790992566682,1,0
2227013,222,40,49,25,0.6659379099256668,0,0
2227014,222,35,52,45,0.6659379099256668,0,0
2227016,222,30,51,40,0.6659379099256668,1,0
2227017,222,37,39,30,1.1659379099256668,1,0
2227018,222,32,46,50,0.16593790992566682,0,0
2227019,222,29,42,25,-0.8340620900743332,1,0
2227020,222,37,44,50,-0.8340620900743332,0,0
2227021,222,21,37,20,-0.8340620900743332,1,0
2227022,222,33,49,30,0.6659379099256668,0,0
2227023,222,23,37,40,-2.334062090074333,0,0
2227024,222,42,51,35,1.1659379099256668,1,0
2227025,222,24,34,30,-0.8340620900743332,1,0
2227026,222,39,32,40,-0.8340620900743332,0,0
2227027,222,39,40,40,0.6659379099256668,0,0
2247001,224,28,40,30,-0.3340620900743332,0,0
2247002,224,37,41,30,0.6659379099256668,0,0
2247003,224,32,36,37,-1.3340620900743332,0,0
2247004,224,46,49,33,2.165937909925667,1,0
2247005,224,29,45,30,-0.8340620900743332,1,0
2247006,224,39,43,30,1.6659379099256668,1,0
2247007,224,29,35,20,0.6659379099256668,0,0
2247008,224,46,48,23,3.165937909925667,0,0
2247009,224,38,46,30,4.665937909925667,0,0
2247010,224,33,43,20,1.1659379099256668,0,0
2247011,224,46,44,38,0.6659379099256668,1,0
2247012,224,32,33,23,-3.334062090074333,1,0
2247013,224,29,40,30,-1.8340620900743332,1,0
2267101,226,32,30,25,0.16593790992566682,0,0
2267102,226,37,31,20,-0.3340620900743332,0,0
2267103,226,32,34,20,-0.3340620900743332,0,0
2267104,226,39,42,25,3.165937909925667,0,0
2267105,226,31,42,50,-1.8340620900743332,0,0
2267107,226,37,51,50,0.16593790992566682,1,0
2267108,226,38,48,50,2.665937909925667,1,0
2267109,226,33,42,20,-1.8340620900743332,1,0
2277001,227,44,51,27,5.665937909925667,0,0
2277002,227,33,47,40,0.6659379099256668,0,0
2277003,227,27,40,23,1.1659379099256668,1,0
2277004,227,36,49,33,0.16593790992566682,0,0
2277005,227,36,52,28,-1.3340620900743332,1,0
2277007,227,33,52,30,0.16593790992566682,1,0
2277008,227,29,46,40,-1.8340620900743332,0,0
2277009,227,35,46,33,0.6659379099256668,0,0
2277010,227,39,44,27,1.1659379099256668,0,0
2277011,227,38,48,20,0.6659379099256668,0,0
2277012,227,16,31,17,-4.834062090074333,0,0
2277013,227,33,40,30,2.165937909925667,0,0
2277014,227,36,39,40,2.165937909925667,0,0
2277015,227,32,45,20,-0.3340620900743332,0,0
2277016,227,35,47,33,-0.8340620900743332,1,0
2277018,227,31,23,30,0.16593790992566682,0,0
2277019,227,36,49,40,0.6659379099256668,1,0
2277020,227,30,36,20,-0.8340620900743332,1,0
2287001,228,42,51,23,1.6659379099256668,0,0
2287004,228,32,40,43,-0.8340620900743332,0,0
2287005,228,31,46,20,-0.3340620900743332,1,0
2287006,228,36,52,27,1.1659379099256668,1,0
2287007,228,35,53,23,-5.334062090074333,1,0
2287008,228,28,37,20,0.16593790992566682,0,0
2287009,228,33,47,33,0.6659379099256668,0,0
2287010,228,34,49,23,0.16593790992566682,1,0
2287011,228,42,54,37,5.165937909925667,0,0
2287012,228,32,50,27,-0.3340620900743332,1,0
2287013,228,33,52,27,0.6659379099256668,0,0
2287017,228,39,53,27,1.6659379099256668,1,0
2287018,228,35,48,37,0.16593790992566682,1,0
2287019,228,38,53,30,0.16593790992566682,0,0
2287020,228,36,51,20,1.6659379099256668,1,0
2287021,228,27,44,27,-2.334062090074333,1,0
2287022,228,35,47,20,0.6659379099256668,0,0
2287023,228,35,51,20,-0.3340620900743332,0,0
2287024,228,45,57,30,3.665937909925667,0,0
2287025,228,38,44,37,0.16593790992566682,0,0
2287026,228,42,54,23,2.665937909925667,1,0
2317001,231,42,55,25,1.1659379099256668,1,0
2317002,231,29,50,20,-2.334062090074333,1,0
2317003,231,42,49,23,3.165937909925667,0,0
2317004,231,38,57,50,0.16593790992566682,1,0
2317005,231,35,45,50,0.16593790992566682,1,0
2317006,231,39,48,23,-2.334062090074333,0,0
2317007,231,26,42,18,0.6659379099256668,0,0
2317008,231,32,41,45,0.16593790992566682,0,0
2317009,231,33,50,35,-0.3340620900743332,1,0
2317010,231,45,52,23,1.6659379099256668,0,0
2317011,231,33,39,20,0.6659379099256668,1,0
2317012,231,33,48,25,-0.3340620900743332,1,0
2317013,231,43,51,20,1.6659379099256668,1,0
2317014,231,23,38,20,-0.8340620900743332,0,0
2317015,231,30,45,20,-0.8340620900743332,1,0
2317016,231,37,46,23,1.1659379099256668,0,0
2317017,231,28,44,23,0.16593790992566682,1,0
2317018,231,29,34,23,-2.334062090074333,0,0
2317019,231,44,50,20,3.165937909925667,1,0
2317020,231,34,41,25,-0.3340620900743332,1,0
2317021,231,27,41,20,-0.8340620900743332,0,0
2337001,233,28,33,30,-0.8340620900743332,1,0
2337002,233,34,38,20,-0.3340620900743332,0,0
2337003,233,39,44,33,0.6659379099256668,1,0
2337004,233,32,42,33,2.665937909925667,1,0
2337005,233,13,15,20,-3.334062090074333,0,0
2337006,233,32,35,18,1.1659379099256668,1,0
2337008,233,40,46,33,0.6659379099256668,1,0
2337009,233,38,49,35,2.165937909925667,1,0
2337010,233,26,40,28,-0.8340620900743332,1,0
2347001,234,42,52,28,-1.3340620900743332,0,0
2347002,234,34,40,40,0.16593790992566682,0,0
2347003,234,33,46,20,-0.8340620900743332,0,1
2347004,234,38,49,43,3.665937909925667,0,0
2347005,234,26,21,17,-3.334062090074333,1,1
2347006,234,43,46,40,1.1659379099256668,0,0
2347007,234,47,55,50,1.6659379099256668,1,0
2347008,234,31,47,45,1.6659379099256668,0,0
2347009,234,43,53,48,2.165937909925667,1,0
2347010,234,38,46,28,-0.8340620900743332,1,0
2347011,234,43,50,37,1.6659379099256668,1,0
2347012,234,34,44,30,-2.334062090074333,1,0
2347013,234,25,37,37,-1.3340620900743332,1,0
2357001,235,42,49,50,0.6659379099256668,1,0
2357002,235,31,43,45,1.6659379099256668,0,0
2357003,235,40,47,20,1.1659379099256668,0,0
2357004,235,37,34,17,-0.8340620900743332,0,0
2357005,235,42,51,23,1.1659379099256668,1,0
2357006,235,32,29,15,-1.3340620900743332,0,0
2357008,235,28,34,10,-1.3340620900743332,0,0
2357009,235,45,53,20,1.6659379099256668,1,0
2357010,235,28,43,30,-1.8340620900743332,0,0
2357011,235,47,57,50,1.1659379099256668,1,0
2377002,237,36,48,10,1.1659379099256668,0,0
2377003,237,33,31,50,-2.834062090074333,0,0
2377004,237,36,38,35,-1.8340620900743332,0,0
2377005,237,46,49,35,-0.8340620900743332,1,0
2377007,237,36,36,10,-2.334062090074333,1,0
2377008,237,40,42,10,-3.334062090074333,1,0
2377009,237,33,33,20,-3.834062090074333,1,0
2377010,237,31,30,20,-1.8340620900743332,0,0
2377011,237,34,35,30,0.6659379099256668,0,0
2377013,237,32,35,20,-0.3340620900743332,1,0
2377014,237,34,37,10,0.16593790992566682,0,0
2377015,237,40,42,20,-0.3340620900743332,1,0
2377016,237,41,49,40,-0.3340620900743332,1,0
2377017,237,41,48,50,1.1659379099256668,0,0
2377018,237,45,49,35,4.665937909925667,1,0
2407001,240,33,28,20,-0.8340620900743332,0,0
2407002,240,36,41,30,1.1659379099256668,0,0
2407003,240,34,41,30,0.16593790992566682,1,0
2407004,240,33,35,20,-0.8340620900743332,1,0
2407006,240,42,50,10,2.665937909925667,0,0
2407007,240,36,43,33,0.6659379099256668,0,0
2407008,240,34,45,30,-0.8340620900743332,1,0
2407009,240,40,47,17,1.6659379099256668,1,0
2407010,240,32,39,33,3.165937909925667,1,0
2407011,240,32,35,30,-0.3340620900743332,0,0
2407013,240,33,44,30,-0.3340620900743332,1,0
2407014,240,38,52,40,0.16593790992566682,1,0
2417001,241,40,51,18,1.6659379099256668,0,0
2417002,241,42,51,18,2.165937909925667,1,0
2417003,241,44,54,18,2.165937909925667,1,0
2417004,241,29,33,15,-1.8340620900743332,0,0
2417006,241,36,51,23,-2.334062090074333,0,0
2417007,241,44,47,40,1.1659379099256668,1,0
2417008,241,32,38,17,-4.834062090074333,1,0
2417009,241,27,33,17,-2.334062090074333,0,0
2417010,241,36,44,17,1.6659379099256668,1,0
2417011,241,16,29,17,-3.334062090074333,0,0
2417012,241,43,50,27,2.665937909925667,0,0
2417013,241,39,48,45,3.665937909925667,0,0
2417014,241,29,36,10,-0.8340620900743332,1,0
2417015,241,39,53,28,0.6659379099256668,1,0
2417016,241,31,44,18,-2.834062090074333,0,0
2417017,241,37,34,17,0.16593790992566682,1,0
2417018,241,33,28,20,-0.8340620900743332,0,0
2417019,241,26,39,15,-0.8340620900743332,0,0
2417020,241,41,40,28,0.6659379099256668,0,0
2417021,241,34,44,10,-1.8340620900743332,1,0
2417022,241,32,39,17,0.6659379099256668,1,0
2417023,241,28,37,27,-0.8340620900743332,0,0
2417024,241,16,23,10,-3.834062090074333,1,0
2427001,242,31,32,45,-1.8340620900743332,1,0
2427002,242,23,38,23,-1.8340620900743332,0,0
2427003,242,46,54,50,2.665937909925667,0,0
2427004,242,40,45,20,-0.8340620900743332,1,0
2427005,242,37,49,35,1.1659379099256668,0,0
2427006,242,28,29,25,-3.334062090074333,0,0
2427007,242,27,38,25,-4.834062090074333,1,0
2427009,242,37,53,30,-0.3340620900743332,0,0
2427010,242,35,50,25,0.6659379099256668,0,0
2427011,242,29,46,18,-1.8340620900743332,1,0
2427012,242,29,42,33,-0.3340620900743332,1,0
2437001,243,36,46,23,-2.834062090074333,1,0
2437002,243,25,48,27,-1.8340620900743332,1,0
2437003,243,36,39,20,-0.8340620900743332,0,0
2437004,243,23,29,23,-2.834062090074333,0,0
2437005,243,30,42,23,-1.8340620900743332,1,0
2437006,243,32,43,20,-2.334062090074333,1,0
2437007,243,18,35,20,0.6659379099256668,0,0
2437008,243,41,51,23,0.16593790992566682,1,0
2447001,244,25,33,18,-2.834062090074333,0,0
2447002,244,27,36,18,1.1659379099256668,0,0
2447003,244,22,17,18,-3.834062090074333,0,0
2447004,244,29,28,20,2.165937909925667,0,0
2447005,244,38,43,28,-1.3340620900743332,0,0
2447006,244,39,49,18,0.6659379099256668,0,0
2447007,244,21,39,23,-0.8340620900743332,1,0
2447008,244,34,51,15,0.6659379099256668,1,0
2447009,244,19,29,15,-4.834062090074333,1,0
2447010,244,42,38,25,-0.3340620900743332,1,0
2447011,244,36,52,15,0.6659379099256668,1,0
2447012,244,37,42,18,1.6659379099256668,1,0
2447013,244,25,34,18,-2.334062090074333,1,0
2467002,246,44,55,35,2.665937909925667,1,0
2467004,246,41,42,40,0.6659379099256668,1,0
2467005,246,34,47,50,0.6659379099256668,0,0
2467006,246,34,42,40,0.6659379099256668,1,0
2467007,246,40,47,50,1.1659379099256668,0,0
2467008,246,41,41,50,-0.8340620900743332,0,0
2467009,246,32,32,35,-1.3340620900743332,0,0
2467010,246,41,53,50,0.6659379099256668,0,0
2467011,246,34,47,50,2.165937909925667,0,0
2467012,246,49,56,40,4.665937909925667,0,0
2467013,246,41,51,30,0.6659379099256668,0,0
2467014,246,24,33,15,-0.8340620900743332,0,0
2497001,249,39,47,27,1.6659379099256668,1,0
2497002,249,29,41,27,0.6659379099256668,0,0
2497003,249,42,53,50,3.665937909925667,1,0
2497004,249,35,41,33,1.1659379099256668,0,0
2497005,249,27,39,30,-0.3340620900743332,1,0
2497006,249,31,45,23,-1.8340620900743332,0,0
2497007,249,33,34,23,-1.3340620900743332,0,0
2497008,249,38,41,33,-0.3340620900743332,1,0
2497009,249,32,37,33,-1.3340620900743332,1,0
2497010,249,38,33,33,0.16593790992566682,0,0
2497011,249,26,33,33,-3.334062090074333,1,0
2497012,249,38,48,40,1.6659379099256668,1,0
2497013,249,29,37,20,0.16593790992566682,0,0
2497014,249,37,40,37,0.6659379099256668,0,0
2497015,249,25,37,20,-1.3340620900743332,1,0
2497016,249,34,34,20,-1.3340620900743332,1,0
2497017,249,31,49,23,-0.3340620900743332,1,0
2497018,249,38,47,23,-0.3340620900743332,1,0
2497019,249,36,38,47,1.1659379099256668,0,0
2497020,249,39,49,33,2.665937909925667,0,0
2497021,249,39,44,33,3.165937909925667,1,0
2497022,249,29,33,33,0.16593790992566682,1,0
2497023,249,33,46,33,0.16593790992566682,1,0
2497024,249,44,50,23,3.665937909925667,0,0
2507101,250,24,23,17,0.6659379099256668,0,0
2507103,250,20,23,28,-3.834062090074333,1,0
2507105,250,33,39,33,-0.3340620900743332,1,0
2507106,250,42,51,30,-0.3340620900743332,1,0
2507107,250,39,41,18,0.6659379099256668,1,0
2507108,250,28,38,17,-0.8340620900743332,1,0
2507109,250,35,32,27,-0.8340620900743332,1,0
2507201,250,39,38,48,3.665937909925667,0,0
2507202,250,43,55,40,2.165937909925667,1,0
2507203,250,45,51,37,0.6659379099256668,1,0
2507205,250,42,51,47,-0.3340620900743332,1,0
2507206,250,30,36,40,-3.834062090074333,0,0
2507207,250,45,47,27,1.1659379099256668,1,0
2507208,250,31,33,10,-0.8340620900743332,1,0
2507209,250,43,46,47,2.665937909925667,1,0
2527002,252,30,37,33,0.6659379099256668,0,0
2527003,252,25,34,30,-4.334062090074333,0,0
2527004,252,40,40,40,0.6659379099256668,0,0
2527005,252,34,42,23,1.1659379099256668,0,0
2527007,252,36,34,15,-1.8340620900743332,1,0
2527008,252,39,48,15,0.16593790992566682,0,0
2527009,252,33,31,28,0.6659379099256668,0,0
2527010,252,25,32,20,-0.8340620900743332,0,0
2527012,252,38,38,20,1.6659379099256668,1,0
2527013,252,30,47,27,-2.834062090074333,1,0
2527015,252,38,36,23,-1.3340620900743332,1,0
2567002,256,39,45,30,0.16593790992566682,1,0
2567003,256,17,25,17,-0.8340620900743332,1,0
2567004,256,18,11,10,-5.834062090074333,1,0
2567005,256,18,19,17,-2.334062090074333,0,0
2567006,256,16,16,17,-3.834062090074333,0,0
2567007,256,39,42,30,1.6659379099256668,0,0
2567008,256,33,29,10,-0.8340620900743332,0,0
2567009,256,29,24,10,-1.8340620900743332,0,0
2567010,256,39,52,27,1.6659379099256668,1,0
2567011,256,27,30,10,-0.8340620900743332,1,0
2587002,258,26,21,13,-2.334062090074333,0,0
2587003,258,20,25,10,-1.8340620900743332,0,0
2587004,258,24,21,17,0.6659379099256668,1,0
2587006,258,22,33,25,-2.834062090074333,1,0
2587007,258,25,26,25,-0.8340620900743332,0,0
2587008,258,31,34,18,-1.3340620900743332,1,0
2587010,258,29,39,25,0.16593790992566682,1,0
